DELETE FROM consecuencia;

DELETE FROM opcion;

DELETE FROM decision;

DELETE FROM credito;

DELETE FROM cuenta_periodo;

DELETE FROM opcion_proyecto;

DELETE FROM consecuencia;

DELETE FROM opcion;

DELETE FROM decision;

DELETE FROM cuenta;

DELETE FROM estado;

DELETE FROM forecast;

DELETE FROM modalidad_cobro;

DELETE FROM modalidad_pago;

DELETE FROM financiacion;

DELETE FROM proveedor;

DELETE FROM proyecto;

DELETE FROM usuario;

DELETE FROM curso_escenario;

DELETE FROM curso;

DELETE FROM ponderacion_mercado;

DELETE FROM mercado_periodo;

DELETE FROM restriccion_precio;

DELETE FROM empresa_competidora;

DELETE FROM ponderacion_puntaje;

DELETE FROM puntaje_proyecto;

DELETE FROM escenario;


INSERT INTO `balance` (`id`, `caja`, `cuentas_por_cobrar`, `cuentas_por_cobrar_periodos`, `inventario`, `maquinaria`, `amortizacion_acumulada`, `proveedores`, `proveedores_periodos`, `deudas_bancarias`, `deudas_bancarias_periodos`, `capital_social`, `resultado_del_ejercicio`) VALUES
(3, '50000.00', '2000.00', 2, '1500.00', '0.00', '0.00', '0.00', 0, '0.00', 0, '1500.00', '0.00'),
(4, '50000.00', '0.00', 0, '1500.00', '0.00', '0.00', '0.00', 0, '0.00', 0, '1000.00', '0.00'),
(61, '250000.00', '0.00', 0, '0.00', '0.00', '0.00', '0.00', 0, '150000.00', 3, '100000.00', '0.00'),
(63, '250000.00', '0.00', 0, '0.00', '0.00', '0.00', '0.00', 0, '150000.00', 3, '100000.00', '0.00'),
(64, '250000.00', '0.00', 0, '0.00', '0.00', '0.00', '0.00', 0, '150000.00', 3, '100000.00', '0.00');


INSERT INTO `escenario` (`id`, `titulo`, `descripcion`, `impuesto_porcentaje`, `maximos_periodos`, `nombre_periodos`, `costo_fijo`, `costo_variable`, `produccion_mensual`, `stock`, `calidad`, `cantidad_vendedores`, `publicidad`, `balance_id`, `inventario`) VALUES
(34, 'Proyecto BARBIJOS - 12/7', 'Enunciado:\n\nhttps://docs.google.com/document/d/1U_m1zW-IRlZd83-2urGT1gSj-xlSpCQA4ZBn2jSreSg/edit?usp=sharing', '0.35', 6, 'Mes', '566200.00', '3.60', 5000, 0, 1, 5, 0, 61, '0.00'),
(36, 'Proyecto BARBIJOS - DEMO', 'Enunciado:\n\nhttps://docs.google.com/document/d/1U_m1zW-IRlZd83-2urGT1gSj-xlSpCQA4ZBn2jSreSg/edit?usp=sharing', '0.35', 6, 'Mes', '566200.00', '3.60', 5000, 0, 1, 5, 0, 63, '0.00'),
(37, 'Proyecto BARBIJOS', 'Enunciado:\n\nhttps://docs.google.com/document/d/1U_m1zW-IRlZd83-2urGT1gSj-xlSpCQA4ZBn2jSreSg/edit?usp=sharing', '0.35', 6, 'Mes', '566200.00', '3.60', 5000, 0, 1, 5, 0, 64, '0.00');

INSERT INTO `proveedor` (`id`, `nombre`, `escenario_id`, `variacion_costo_variable`, `variacion_calidad`) VALUES
(1, 'Default', NULL, '0.00', 0),
(90, 'Telas Nacionales (con filtro común)', 34, '80.00', 2),
(91, 'Telas Nacionales (con filtro 3M)', 34, '400.00', 9),
(92, 'Telas Con Dibujos (con filtro 3M)', 34, '408.55', 10),
(93, 'Telas Con Dibujos (con filtro común)', 34, '88.55', 5),
(98, 'Telas Nacionales (con filtro común)', 36, '80.00', 2),
(99, 'Telas Nacionales (con filtro 3M)', 36, '400.00', 9),
(100, 'Telas Con Dibujos (con filtro 3M)', 36, '408.55', 10),
(101, 'Telas Con Dibujos (con filtro común)', 36, '88.55', 5),
(102, 'Telas Nacionales (con filtro común)', 37, '80.00', 2),
(103, 'Telas Nacionales (con filtro 3M)', 37, '400.00', 9),
(104, 'Telas Con Dibujos (con filtro 3M)', 37, '408.55', 10),
(105, 'Telas Con Dibujos (con filtro común)', 37, '88.55', 5);

--
-- Dumping data for table `proyecto`
--

INSERT INTO `proyecto` (`id`, `escenario_id`, `usuario_id`, `curso_id`, `proveedor_id`, `entregado`, `ponderacion_mercado_bajo`, `ponderacion_mercado_medio`, `ponderacion_mercado_alto`, `periodo_quiebre_caja`) VALUES
(167, 34, 23, 4, 93, 0, 0, 0, 0, 0),
(168, 34, 25, 4, NULL, 0, 0, 0, 0, 0),
(169, 36, 23, 6, 98, 0, 0, 0, 0, 0),
(170, 37, 27, 4, 105, 1, 0, 0, 0, 0),
(171, 37, 31, 4, 104, 1, 0, 0, 0, 0),
(172, 37, 22, 4, NULL, 0, 0, 0, 0, 0),
(173, 37, 32, 4, 105, 1, 0, 0, 0, 0),
(174, 37, 33, 4, NULL, 0, 0, 0, 0, 0),
(175, 37, 35, 4, 105, 1, 0, 0, 0, 0),
(176, 37, 36, 4, 103, 0, 0, 0, 0, 0),
(177, 37, 34, 4, NULL, 0, 0, 0, 0, 0),
(178, 37, 37, 4, NULL, 0, 0, 0, 0, 0),
(179, 37, 30, 4, NULL, 0, 0, 0, 0, 0),
(180, 37, 38, 4, 105, 1, 0, 0, 0, 0),
(181, 37, 39, 4, 103, 1, 0, 0, 0, 0),
(182, 37, 40, 4, 103, 1, 0, 0, 0, 0),
(183, 37, 28, 4, NULL, 0, 0, 0, 0, 0),
(184, 37, 41, 4, 103, 1, 0, 0, 0, 0),
(185, 37, 43, 4, 103, 0, 0, 0, 0, 0);

--
-- Dumping data for table `financiacion`
--

INSERT INTO `financiacion` (`id`, `descripcion`, `escenario_id`, `tea`, `cantidad_cuotas`) VALUES
(55, 'Banco Nacion', 34, '1.80', 4),
(56, 'Banco Ciudad', 34, '1.60', 3),
(57, 'Banco Santander', 34, '4.70', 6),
(61, 'Banco Nacion', 36, '1.80', 4),
(62, 'Banco Ciudad', 36, '1.60', 3),
(63, 'Banco Santander', 36, '4.70', 6),
(64, 'Banco Nacion', 37, '1.80', 4),
(65, 'Banco Ciudad', 37, '1.60', 3),
(66, 'Banco Santander', 37, '4.70', 6);

--
-- Dumping data for table `credito`
--

INSERT INTO `credito` (`id`, `proyecto_id`, `financiacion_id`, `monto`, `periodo_inicial`) VALUES
(65, 167, NULL, '0.00', 0),
(66, 169, 62, '100000.00', 0),
(67, 173, 64, '200000.00', 0),
(68, 180, NULL, '0.00', 0),
(69, 175, 64, '0.00', 0),
(70, 181, 64, '500000.00', 0),
(71, 176, 64, '0.00', 0),
(72, 170, 65, '260000.00', 0),
(73, 182, 64, '6810200.00', 0),
(74, 184, 64, '2500000.00', 0),
(75, 171, 64, '100000.00', 0),
(76, 185, 64, '200000.00', 0);



-- --------------------------------------------------------



--
-- Dumping data for table `cuenta`
--

INSERT INTO `cuenta` (`id`, `proyecto_id`, `descripcion`, `tipo_cuenta`, `tipo_flujo_fondo`, `tipo_transaccion`, `tipo_balance`, `es_forecast`) VALUES
(6302, 167, 'Maquinaria', 'FINANCIERO', 'INVERSIONES', 'OTROS', 'MAQUINARIAS', 1),
(6303, 167, 'Depreciacion Maquinaria', 'ECONOMICO', 'GASTOS_NO_DESEMBOLSABLES', 'OTROS', 'AMORTIZACION_MAQUINARIAS', 1),
(6304, 167, 'Valor Libro', 'FINANCIERO', 'GASTOS_NO_DESEMBOLSABLES', 'OTROS', NULL, 1),
(6305, 167, 'Deudas Bancarias', 'FINANCIERO', 'EGRESOS_NO_AFECTOS_A_IMPUESTOS', 'OTROS', 'DEUDA_BANCARIA', 1),
(6306, 167, 'Costo producción Mes 1', 'FINANCIERO', 'EGRESOS_AFECTOS_A_IMPUESTOS', 'COSTO_PRODUCCION', 'DEUDA_PROVEEDORES', 1),
(6307, 167, 'Ventas Mes 1', 'FINANCIERO', 'INGRESOS_AFECTOS_A_IMPUESTOS', 'VENTA', 'CREDITO_CLIENTES', 1),
(6308, 167, 'Costo producción Mes 1', 'ECONOMICO', NULL, 'COSTO_PRODUCCION', NULL, 1),
(6309, 167, 'Ventas Mes 1', 'ECONOMICO', NULL, 'VENTA', NULL, 1),
(6310, 167, 'Costo producción Mes 2', 'FINANCIERO', 'EGRESOS_AFECTOS_A_IMPUESTOS', 'COSTO_PRODUCCION', 'DEUDA_PROVEEDORES', 1),
(6311, 167, 'Ventas Mes 2', 'FINANCIERO', 'INGRESOS_AFECTOS_A_IMPUESTOS', 'VENTA', 'CREDITO_CLIENTES', 1),
(6312, 167, 'Costo producción Mes 2', 'ECONOMICO', NULL, 'COSTO_PRODUCCION', NULL, 1),
(6313, 167, 'Ventas Mes 2', 'ECONOMICO', NULL, 'VENTA', NULL, 1),
(6314, 167, 'Costo producción Mes 3', 'FINANCIERO', 'EGRESOS_AFECTOS_A_IMPUESTOS', 'COSTO_PRODUCCION', 'DEUDA_PROVEEDORES', 1),
(6315, 167, 'Ventas Mes 3', 'FINANCIERO', 'INGRESOS_AFECTOS_A_IMPUESTOS', 'VENTA', 'CREDITO_CLIENTES', 1),
(6316, 167, 'Costo producción Mes 3', 'ECONOMICO', NULL, 'COSTO_PRODUCCION', NULL, 1),
(6317, 167, 'Ventas Mes 3', 'ECONOMICO', NULL, 'VENTA', NULL, 1),
(6318, 167, 'Costo producción Mes 4', 'FINANCIERO', 'EGRESOS_AFECTOS_A_IMPUESTOS', 'COSTO_PRODUCCION', 'DEUDA_PROVEEDORES', 1),
(6319, 167, 'Ventas Mes 4', 'FINANCIERO', 'INGRESOS_AFECTOS_A_IMPUESTOS', 'VENTA', 'CREDITO_CLIENTES', 1),
(6320, 167, 'Costo producción Mes 4', 'ECONOMICO', NULL, 'COSTO_PRODUCCION', NULL, 1),
(6321, 167, 'Ventas Mes 4', 'ECONOMICO', NULL, 'VENTA', NULL, 1),
(6322, 167, 'Costo producción Mes 5', 'FINANCIERO', 'EGRESOS_AFECTOS_A_IMPUESTOS', 'COSTO_PRODUCCION', 'DEUDA_PROVEEDORES', 1),
(6323, 167, 'Ventas Mes 5', 'FINANCIERO', 'INGRESOS_AFECTOS_A_IMPUESTOS', 'VENTA', 'CREDITO_CLIENTES', 1),
(6324, 167, 'Costo producción Mes 5', 'ECONOMICO', NULL, 'COSTO_PRODUCCION', NULL, 1),
(6325, 167, 'Ventas Mes 5', 'ECONOMICO', NULL, 'VENTA', NULL, 1),
(6326, 167, 'Costo producción Mes 6', 'FINANCIERO', 'EGRESOS_AFECTOS_A_IMPUESTOS', 'COSTO_PRODUCCION', 'DEUDA_PROVEEDORES', 1),
(6327, 167, 'Ventas Mes 6', 'FINANCIERO', 'INGRESOS_AFECTOS_A_IMPUESTOS', 'VENTA', 'CREDITO_CLIENTES', 1),
(6328, 167, 'Costo producción Mes 6', 'ECONOMICO', NULL, 'COSTO_PRODUCCION', NULL, 1),
(6329, 167, 'Ventas Mes 6', 'ECONOMICO', NULL, 'VENTA', NULL, 1),
(10112, 173, 'Maquinaria', 'FINANCIERO', 'INVERSIONES', 'OTROS', 'MAQUINARIAS', 1),
(10113, 173, 'Depreciacion Maquinaria', 'ECONOMICO', 'GASTOS_NO_DESEMBOLSABLES', 'OTROS', 'AMORTIZACION_MAQUINARIAS', 1),
(10114, 173, 'Valor Libro Maquinaria', 'FINANCIERO', 'GASTOS_NO_DESEMBOLSABLES', 'OTROS', NULL, 1),
(10115, 173, 'Publicidad', 'FINANCIERO', 'EGRESOS_AFECTOS_A_IMPUESTOS', 'OTROS', NULL, 1),
(10116, 173, 'Deudas Bancarias', 'FINANCIERO', 'EGRESOS_NO_AFECTOS_A_IMPUESTOS', 'OTROS', 'DEUDA_BANCARIA', 1),
(10117, 173, 'Crédito', 'FINANCIERO', 'INGRESOS_NO_AFECTOS_A_IMPUESTOS', 'OTROS', NULL, 1),
(10118, 173, 'Interés deuda', 'FINANCIERO', 'EGRESOS_AFECTOS_A_IMPUESTOS', 'OTROS', 'DEUDA_BANCARIA', 1),
(10119, 173, 'Amortización cuota', 'FINANCIERO', 'EGRESOS_NO_AFECTOS_A_IMPUESTOS', 'OTROS', 'DEUDA_BANCARIA', 1),
(10120, 173, 'Interés deuda', 'ECONOMICO', NULL, 'OTROS', NULL, 1),
(10121, 173, 'Interés deuda', 'ECONOMICO', NULL, 'OTROS', NULL, 1),
(10122, 173, 'Interés deuda', 'ECONOMICO', NULL, 'OTROS', NULL, 1),
(10123, 173, 'Interés deuda', 'ECONOMICO', NULL, 'OTROS', NULL, 1),
(10124, 173, 'Costo producción Mes 1', 'FINANCIERO', 'EGRESOS_AFECTOS_A_IMPUESTOS', 'COSTO_PRODUCCION', 'DEUDA_PROVEEDORES', 1),
(10125, 173, 'Ventas Mes 1', 'FINANCIERO', 'INGRESOS_AFECTOS_A_IMPUESTOS', 'VENTA', 'CREDITO_CLIENTES', 1),
(10126, 173, 'Costo producción Mes 1', 'ECONOMICO', NULL, 'COSTO_PRODUCCION', NULL, 1),
(10127, 173, 'Ventas Mes 1', 'ECONOMICO', NULL, 'VENTA', NULL, 1),
(10128, 173, 'Costo producción Mes 2', 'FINANCIERO', 'EGRESOS_AFECTOS_A_IMPUESTOS', 'COSTO_PRODUCCION', 'DEUDA_PROVEEDORES', 1),
(10129, 173, 'Ventas Mes 2', 'FINANCIERO', 'INGRESOS_AFECTOS_A_IMPUESTOS', 'VENTA', 'CREDITO_CLIENTES', 1),
(10130, 173, 'Costo producción Mes 2', 'ECONOMICO', NULL, 'COSTO_PRODUCCION', NULL, 1),
(10131, 173, 'Ventas Mes 2', 'ECONOMICO', NULL, 'VENTA', NULL, 1),
(10132, 173, 'Costo producción Mes 3', 'FINANCIERO', 'EGRESOS_AFECTOS_A_IMPUESTOS', 'COSTO_PRODUCCION', 'DEUDA_PROVEEDORES', 1),
(10133, 173, 'Ventas Mes 3', 'FINANCIERO', 'INGRESOS_AFECTOS_A_IMPUESTOS', 'VENTA', 'CREDITO_CLIENTES', 1),
(10134, 173, 'Costo producción Mes 3', 'ECONOMICO', NULL, 'COSTO_PRODUCCION', NULL, 1),
(10135, 173, 'Ventas Mes 3', 'ECONOMICO', NULL, 'VENTA', NULL, 1),
(10136, 173, 'Costo producción Mes 4', 'FINANCIERO', 'EGRESOS_AFECTOS_A_IMPUESTOS', 'COSTO_PRODUCCION', 'DEUDA_PROVEEDORES', 1),
(10137, 173, 'Ventas Mes 4', 'FINANCIERO', 'INGRESOS_AFECTOS_A_IMPUESTOS', 'VENTA', 'CREDITO_CLIENTES', 1),
(10138, 173, 'Costo producción Mes 4', 'ECONOMICO', NULL, 'COSTO_PRODUCCION', NULL, 1),
(10139, 173, 'Ventas Mes 4', 'ECONOMICO', NULL, 'VENTA', NULL, 1),
(10140, 173, 'Costo producción Mes 5', 'FINANCIERO', 'EGRESOS_AFECTOS_A_IMPUESTOS', 'COSTO_PRODUCCION', 'DEUDA_PROVEEDORES', 1),
(10141, 173, 'Ventas Mes 5', 'FINANCIERO', 'INGRESOS_AFECTOS_A_IMPUESTOS', 'VENTA', 'CREDITO_CLIENTES', 1),
(10142, 173, 'Costo producción Mes 5', 'ECONOMICO', NULL, 'COSTO_PRODUCCION', NULL, 1),
(10143, 173, 'Ventas Mes 5', 'ECONOMICO', NULL, 'VENTA', NULL, 1),
(10144, 173, 'Costo producción Mes 6', 'FINANCIERO', 'EGRESOS_AFECTOS_A_IMPUESTOS', 'COSTO_PRODUCCION', 'DEUDA_PROVEEDORES', 1),
(10145, 173, 'Ventas Mes 6', 'FINANCIERO', 'INGRESOS_AFECTOS_A_IMPUESTOS', 'VENTA', 'CREDITO_CLIENTES', 1),
(10146, 173, 'Costo producción Mes 6', 'ECONOMICO', NULL, 'COSTO_PRODUCCION', NULL, 1),
(10147, 173, 'Ventas Mes 6', 'ECONOMICO', NULL, 'VENTA', NULL, 1),
(10174, 180, 'Publicidad', 'FINANCIERO', 'EGRESOS_AFECTOS_A_IMPUESTOS', 'OTROS', NULL, 1),
(10175, 180, 'Deudas Bancarias', 'FINANCIERO', 'EGRESOS_NO_AFECTOS_A_IMPUESTOS', 'OTROS', 'DEUDA_BANCARIA', 1),
(10176, 180, 'Costo producción Mes 1', 'FINANCIERO', 'EGRESOS_AFECTOS_A_IMPUESTOS', 'COSTO_PRODUCCION', 'DEUDA_PROVEEDORES', 1),
(10177, 180, 'Ventas Mes 1', 'FINANCIERO', 'INGRESOS_AFECTOS_A_IMPUESTOS', 'VENTA', 'CREDITO_CLIENTES', 1),
(10178, 180, 'Costo producción Mes 1', 'ECONOMICO', NULL, 'COSTO_PRODUCCION', NULL, 1),
(10179, 180, 'Ventas Mes 1', 'ECONOMICO', NULL, 'VENTA', NULL, 1),
(10180, 180, 'Costo producción Mes 2', 'FINANCIERO', 'EGRESOS_AFECTOS_A_IMPUESTOS', 'COSTO_PRODUCCION', 'DEUDA_PROVEEDORES', 1),
(10181, 180, 'Ventas Mes 2', 'FINANCIERO', 'INGRESOS_AFECTOS_A_IMPUESTOS', 'VENTA', 'CREDITO_CLIENTES', 1),
(10182, 180, 'Costo producción Mes 2', 'ECONOMICO', NULL, 'COSTO_PRODUCCION', NULL, 1),
(10183, 180, 'Ventas Mes 2', 'ECONOMICO', NULL, 'VENTA', NULL, 1),
(10184, 180, 'Costo producción Mes 3', 'FINANCIERO', 'EGRESOS_AFECTOS_A_IMPUESTOS', 'COSTO_PRODUCCION', 'DEUDA_PROVEEDORES', 1),
(10185, 180, 'Ventas Mes 3', 'FINANCIERO', 'INGRESOS_AFECTOS_A_IMPUESTOS', 'VENTA', 'CREDITO_CLIENTES', 1),
(10186, 180, 'Costo producción Mes 3', 'ECONOMICO', NULL, 'COSTO_PRODUCCION', NULL, 1),
(10187, 180, 'Ventas Mes 3', 'ECONOMICO', NULL, 'VENTA', NULL, 1),
(10188, 180, 'Costo producción Mes 4', 'FINANCIERO', 'EGRESOS_AFECTOS_A_IMPUESTOS', 'COSTO_PRODUCCION', 'DEUDA_PROVEEDORES', 1),
(10189, 180, 'Ventas Mes 4', 'FINANCIERO', 'INGRESOS_AFECTOS_A_IMPUESTOS', 'VENTA', 'CREDITO_CLIENTES', 1),
(10190, 180, 'Costo producción Mes 4', 'ECONOMICO', NULL, 'COSTO_PRODUCCION', NULL, 1),
(10191, 180, 'Ventas Mes 4', 'ECONOMICO', NULL, 'VENTA', NULL, 1),
(10192, 180, 'Costo producción Mes 5', 'FINANCIERO', 'EGRESOS_AFECTOS_A_IMPUESTOS', 'COSTO_PRODUCCION', 'DEUDA_PROVEEDORES', 1),
(10193, 180, 'Ventas Mes 5', 'FINANCIERO', 'INGRESOS_AFECTOS_A_IMPUESTOS', 'VENTA', 'CREDITO_CLIENTES', 1),
(10194, 180, 'Costo producción Mes 5', 'ECONOMICO', NULL, 'COSTO_PRODUCCION', NULL, 1),
(10195, 180, 'Ventas Mes 5', 'ECONOMICO', NULL, 'VENTA', NULL, 1),
(10196, 180, 'Costo producción Mes 6', 'FINANCIERO', 'EGRESOS_AFECTOS_A_IMPUESTOS', 'COSTO_PRODUCCION', 'DEUDA_PROVEEDORES', 1),
(10197, 180, 'Ventas Mes 6', 'FINANCIERO', 'INGRESOS_AFECTOS_A_IMPUESTOS', 'VENTA', 'CREDITO_CLIENTES', 1),
(10198, 180, 'Costo producción Mes 6', 'ECONOMICO', NULL, 'COSTO_PRODUCCION', NULL, 1),
(10199, 180, 'Ventas Mes 6', 'ECONOMICO', NULL, 'VENTA', NULL, 1),
(11358, 169, 'Maquinaria', 'FINANCIERO', 'INVERSIONES', 'OTROS', 'MAQUINARIAS', 1),
(11359, 169, 'Depreciacion Maquinaria', 'ECONOMICO', 'GASTOS_NO_DESEMBOLSABLES', 'OTROS', 'AMORTIZACION_MAQUINARIAS', 1),
(11360, 169, 'Valor Libro Maquinaria', 'FINANCIERO', 'GASTOS_NO_DESEMBOLSABLES', 'OTROS', NULL, 1),
(11361, 169, 'Deudas Bancarias', 'FINANCIERO', 'EGRESOS_NO_AFECTOS_A_IMPUESTOS', 'OTROS', 'DEUDA_BANCARIA', 1),
(11362, 169, 'Crédito', 'FINANCIERO', 'INGRESOS_NO_AFECTOS_A_IMPUESTOS', 'OTROS', NULL, 1),
(11363, 169, 'Interés deuda', 'FINANCIERO', 'EGRESOS_AFECTOS_A_IMPUESTOS', 'OTROS', 'DEUDA_BANCARIA', 1),
(11364, 169, 'Amortización cuota', 'FINANCIERO', 'EGRESOS_NO_AFECTOS_A_IMPUESTOS', 'OTROS', 'DEUDA_BANCARIA', 1),
(11365, 169, 'Interés deuda', 'ECONOMICO', NULL, 'OTROS', NULL, 1),
(11366, 169, 'Interés deuda', 'ECONOMICO', NULL, 'OTROS', NULL, 1),
(11367, 169, 'Interés deuda', 'ECONOMICO', NULL, 'OTROS', NULL, 1),
(11368, 169, 'Costo producción Mes 1', 'FINANCIERO', 'EGRESOS_AFECTOS_A_IMPUESTOS', 'COSTO_PRODUCCION', 'DEUDA_PROVEEDORES', 1),
(11369, 169, 'Ventas Mes 1', 'FINANCIERO', 'INGRESOS_AFECTOS_A_IMPUESTOS', 'VENTA', 'CREDITO_CLIENTES', 1),
(11370, 169, 'Costo producción Mes 1', 'ECONOMICO', NULL, 'COSTO_PRODUCCION', NULL, 1),
(11371, 169, 'Ventas Mes 1', 'ECONOMICO', NULL, 'VENTA', NULL, 1),
(11372, 169, 'Costo producción Mes 2', 'FINANCIERO', 'EGRESOS_AFECTOS_A_IMPUESTOS', 'COSTO_PRODUCCION', 'DEUDA_PROVEEDORES', 1),
(11373, 169, 'Ventas Mes 2', 'FINANCIERO', 'INGRESOS_AFECTOS_A_IMPUESTOS', 'VENTA', 'CREDITO_CLIENTES', 1),
(11374, 169, 'Costo producción Mes 2', 'ECONOMICO', NULL, 'COSTO_PRODUCCION', NULL, 1),
(11375, 169, 'Ventas Mes 2', 'ECONOMICO', NULL, 'VENTA', NULL, 1),
(11376, 169, 'Costo producción Mes 3', 'FINANCIERO', 'EGRESOS_AFECTOS_A_IMPUESTOS', 'COSTO_PRODUCCION', 'DEUDA_PROVEEDORES', 1),
(11377, 169, 'Ventas Mes 3', 'FINANCIERO', 'INGRESOS_AFECTOS_A_IMPUESTOS', 'VENTA', 'CREDITO_CLIENTES', 1),
(11378, 169, 'Costo producción Mes 3', 'ECONOMICO', NULL, 'COSTO_PRODUCCION', NULL, 1),
(11379, 169, 'Ventas Mes 3', 'ECONOMICO', NULL, 'VENTA', NULL, 1),
(11380, 169, 'Costo producción Mes 4', 'FINANCIERO', 'EGRESOS_AFECTOS_A_IMPUESTOS', 'COSTO_PRODUCCION', 'DEUDA_PROVEEDORES', 1),
(11381, 169, 'Ventas Mes 4', 'FINANCIERO', 'INGRESOS_AFECTOS_A_IMPUESTOS', 'VENTA', 'CREDITO_CLIENTES', 1),
(11382, 169, 'Costo producción Mes 4', 'ECONOMICO', NULL, 'COSTO_PRODUCCION', NULL, 1),
(11383, 169, 'Ventas Mes 4', 'ECONOMICO', NULL, 'VENTA', NULL, 1),
(11384, 169, 'Costo producción Mes 5', 'FINANCIERO', 'EGRESOS_AFECTOS_A_IMPUESTOS', 'COSTO_PRODUCCION', 'DEUDA_PROVEEDORES', 1),
(11385, 169, 'Ventas Mes 5', 'FINANCIERO', 'INGRESOS_AFECTOS_A_IMPUESTOS', 'VENTA', 'CREDITO_CLIENTES', 1),
(11386, 169, 'Costo producción Mes 5', 'ECONOMICO', NULL, 'COSTO_PRODUCCION', NULL, 1),
(11387, 169, 'Ventas Mes 5', 'ECONOMICO', NULL, 'VENTA', NULL, 1),
(11388, 169, 'Costo producción Mes 6', 'FINANCIERO', 'EGRESOS_AFECTOS_A_IMPUESTOS', 'COSTO_PRODUCCION', 'DEUDA_PROVEEDORES', 1),
(11389, 169, 'Ventas Mes 6', 'FINANCIERO', 'INGRESOS_AFECTOS_A_IMPUESTOS', 'VENTA', 'CREDITO_CLIENTES', 1),
(11390, 169, 'Costo producción Mes 6', 'ECONOMICO', NULL, 'COSTO_PRODUCCION', NULL, 1),
(11391, 169, 'Ventas Mes 6', 'ECONOMICO', NULL, 'VENTA', NULL, 1),
(11696, 175, 'Publicidad', 'FINANCIERO', 'EGRESOS_AFECTOS_A_IMPUESTOS', 'OTROS', NULL, 1),
(11697, 175, 'Deudas Bancarias', 'FINANCIERO', 'EGRESOS_NO_AFECTOS_A_IMPUESTOS', 'OTROS', 'DEUDA_BANCARIA', 1),
(11698, 175, 'Costo producción Mes 1', 'FINANCIERO', 'EGRESOS_AFECTOS_A_IMPUESTOS', 'COSTO_PRODUCCION', 'DEUDA_PROVEEDORES', 1),
(11699, 175, 'Ventas Mes 1', 'FINANCIERO', 'INGRESOS_AFECTOS_A_IMPUESTOS', 'VENTA', 'CREDITO_CLIENTES', 1),
(11700, 175, 'Costo producción Mes 1', 'ECONOMICO', NULL, 'COSTO_PRODUCCION', NULL, 1),
(11701, 175, 'Ventas Mes 1', 'ECONOMICO', NULL, 'VENTA', NULL, 1),
(11702, 175, 'Costo producción Mes 2', 'FINANCIERO', 'EGRESOS_AFECTOS_A_IMPUESTOS', 'COSTO_PRODUCCION', 'DEUDA_PROVEEDORES', 1),
(11703, 175, 'Ventas Mes 2', 'FINANCIERO', 'INGRESOS_AFECTOS_A_IMPUESTOS', 'VENTA', 'CREDITO_CLIENTES', 1),
(11704, 175, 'Costo producción Mes 2', 'ECONOMICO', NULL, 'COSTO_PRODUCCION', NULL, 1),
(11705, 175, 'Ventas Mes 2', 'ECONOMICO', NULL, 'VENTA', NULL, 1),
(11706, 175, 'Costo producción Mes 3', 'FINANCIERO', 'EGRESOS_AFECTOS_A_IMPUESTOS', 'COSTO_PRODUCCION', 'DEUDA_PROVEEDORES', 1),
(11707, 175, 'Ventas Mes 3', 'FINANCIERO', 'INGRESOS_AFECTOS_A_IMPUESTOS', 'VENTA', 'CREDITO_CLIENTES', 1),
(11708, 175, 'Costo producción Mes 3', 'ECONOMICO', NULL, 'COSTO_PRODUCCION', NULL, 1),
(11709, 175, 'Ventas Mes 3', 'ECONOMICO', NULL, 'VENTA', NULL, 1),
(11710, 175, 'Costo producción Mes 4', 'FINANCIERO', 'EGRESOS_AFECTOS_A_IMPUESTOS', 'COSTO_PRODUCCION', 'DEUDA_PROVEEDORES', 1),
(11711, 175, 'Ventas Mes 4', 'FINANCIERO', 'INGRESOS_AFECTOS_A_IMPUESTOS', 'VENTA', 'CREDITO_CLIENTES', 1),
(11712, 175, 'Costo producción Mes 4', 'ECONOMICO', NULL, 'COSTO_PRODUCCION', NULL, 1),
(11713, 175, 'Ventas Mes 4', 'ECONOMICO', NULL, 'VENTA', NULL, 1),
(11714, 175, 'Costo producción Mes 5', 'FINANCIERO', 'EGRESOS_AFECTOS_A_IMPUESTOS', 'COSTO_PRODUCCION', 'DEUDA_PROVEEDORES', 1),
(11715, 175, 'Ventas Mes 5', 'FINANCIERO', 'INGRESOS_AFECTOS_A_IMPUESTOS', 'VENTA', 'CREDITO_CLIENTES', 1),
(11716, 175, 'Costo producción Mes 5', 'ECONOMICO', NULL, 'COSTO_PRODUCCION', NULL, 1),
(11717, 175, 'Ventas Mes 5', 'ECONOMICO', NULL, 'VENTA', NULL, 1),
(11718, 175, 'Costo producción Mes 6', 'FINANCIERO', 'EGRESOS_AFECTOS_A_IMPUESTOS', 'COSTO_PRODUCCION', 'DEUDA_PROVEEDORES', 1),
(11719, 175, 'Ventas Mes 6', 'FINANCIERO', 'INGRESOS_AFECTOS_A_IMPUESTOS', 'VENTA', 'CREDITO_CLIENTES', 1),
(11720, 175, 'Costo producción Mes 6', 'ECONOMICO', NULL, 'COSTO_PRODUCCION', NULL, 1),
(11721, 175, 'Ventas Mes 6', 'ECONOMICO', NULL, 'VENTA', NULL, 1),
(13303, 176, 'Publicidad', 'FINANCIERO', 'EGRESOS_AFECTOS_A_IMPUESTOS', 'OTROS', NULL, 1),
(13304, 176, 'Deudas Bancarias', 'FINANCIERO', 'EGRESOS_NO_AFECTOS_A_IMPUESTOS', 'OTROS', 'DEUDA_BANCARIA', 1),
(13305, 176, 'Costo producción Mes 1', 'FINANCIERO', 'EGRESOS_AFECTOS_A_IMPUESTOS', 'COSTO_PRODUCCION', 'DEUDA_PROVEEDORES', 1),
(13306, 176, 'Ventas Mes 1', 'FINANCIERO', 'INGRESOS_AFECTOS_A_IMPUESTOS', 'VENTA', 'CREDITO_CLIENTES', 1),
(13307, 176, 'Costo producción Mes 1', 'ECONOMICO', NULL, 'COSTO_PRODUCCION', NULL, 1),
(13308, 176, 'Ventas Mes 1', 'ECONOMICO', NULL, 'VENTA', NULL, 1),
(13309, 176, 'Costo producción Mes 2', 'FINANCIERO', 'EGRESOS_AFECTOS_A_IMPUESTOS', 'COSTO_PRODUCCION', 'DEUDA_PROVEEDORES', 1),
(13310, 176, 'Ventas Mes 2', 'FINANCIERO', 'INGRESOS_AFECTOS_A_IMPUESTOS', 'VENTA', 'CREDITO_CLIENTES', 1),
(13311, 176, 'Costo producción Mes 2', 'ECONOMICO', NULL, 'COSTO_PRODUCCION', NULL, 1),
(13312, 176, 'Ventas Mes 2', 'ECONOMICO', NULL, 'VENTA', NULL, 1),
(13313, 176, 'Costo producción Mes 3', 'FINANCIERO', 'EGRESOS_AFECTOS_A_IMPUESTOS', 'COSTO_PRODUCCION', 'DEUDA_PROVEEDORES', 1),
(13314, 176, 'Ventas Mes 3', 'FINANCIERO', 'INGRESOS_AFECTOS_A_IMPUESTOS', 'VENTA', 'CREDITO_CLIENTES', 1),
(13315, 176, 'Costo producción Mes 3', 'ECONOMICO', NULL, 'COSTO_PRODUCCION', NULL, 1),
(13316, 176, 'Ventas Mes 3', 'ECONOMICO', NULL, 'VENTA', NULL, 1),
(13317, 176, 'Costo producción Mes 4', 'FINANCIERO', 'EGRESOS_AFECTOS_A_IMPUESTOS', 'COSTO_PRODUCCION', 'DEUDA_PROVEEDORES', 1),
(13318, 176, 'Ventas Mes 4', 'FINANCIERO', 'INGRESOS_AFECTOS_A_IMPUESTOS', 'VENTA', 'CREDITO_CLIENTES', 1),
(13319, 176, 'Costo producción Mes 4', 'ECONOMICO', NULL, 'COSTO_PRODUCCION', NULL, 1),
(13320, 176, 'Ventas Mes 4', 'ECONOMICO', NULL, 'VENTA', NULL, 1),
(13321, 176, 'Costo producción Mes 5', 'FINANCIERO', 'EGRESOS_AFECTOS_A_IMPUESTOS', 'COSTO_PRODUCCION', 'DEUDA_PROVEEDORES', 1),
(13322, 176, 'Ventas Mes 5', 'FINANCIERO', 'INGRESOS_AFECTOS_A_IMPUESTOS', 'VENTA', 'CREDITO_CLIENTES', 1),
(13323, 176, 'Costo producción Mes 5', 'ECONOMICO', NULL, 'COSTO_PRODUCCION', NULL, 1),
(13324, 176, 'Ventas Mes 5', 'ECONOMICO', NULL, 'VENTA', NULL, 1),
(13325, 176, 'Costo producción Mes 6', 'FINANCIERO', 'EGRESOS_AFECTOS_A_IMPUESTOS', 'COSTO_PRODUCCION', 'DEUDA_PROVEEDORES', 1),
(13326, 176, 'Ventas Mes 6', 'FINANCIERO', 'INGRESOS_AFECTOS_A_IMPUESTOS', 'VENTA', 'CREDITO_CLIENTES', 1),
(13327, 176, 'Costo producción Mes 6', 'ECONOMICO', NULL, 'COSTO_PRODUCCION', NULL, 1),
(13328, 176, 'Ventas Mes 6', 'ECONOMICO', NULL, 'VENTA', NULL, 1),
(13487, 181, 'Publicidad', 'FINANCIERO', 'EGRESOS_AFECTOS_A_IMPUESTOS', 'OTROS', NULL, 1),
(13488, 181, 'Deudas Bancarias', 'FINANCIERO', 'EGRESOS_NO_AFECTOS_A_IMPUESTOS', 'OTROS', 'DEUDA_BANCARIA', 1),
(13489, 181, 'Crédito', 'FINANCIERO', 'INGRESOS_NO_AFECTOS_A_IMPUESTOS', 'OTROS', NULL, 1),
(13490, 181, 'Interés deuda', 'FINANCIERO', 'EGRESOS_AFECTOS_A_IMPUESTOS', 'OTROS', 'DEUDA_BANCARIA', 1),
(13491, 181, 'Amortización cuota', 'FINANCIERO', 'EGRESOS_NO_AFECTOS_A_IMPUESTOS', 'OTROS', 'DEUDA_BANCARIA', 1),
(13492, 181, 'Interés deuda', 'ECONOMICO', NULL, 'OTROS', NULL, 1),
(13493, 181, 'Interés deuda', 'ECONOMICO', NULL, 'OTROS', NULL, 1),
(13494, 181, 'Interés deuda', 'ECONOMICO', NULL, 'OTROS', NULL, 1),
(13495, 181, 'Interés deuda', 'ECONOMICO', NULL, 'OTROS', NULL, 1),
(13496, 181, 'Costo producción Mes 1', 'FINANCIERO', 'EGRESOS_AFECTOS_A_IMPUESTOS', 'COSTO_PRODUCCION', 'DEUDA_PROVEEDORES', 1),
(13497, 181, 'Ventas Mes 1', 'FINANCIERO', 'INGRESOS_AFECTOS_A_IMPUESTOS', 'VENTA', 'CREDITO_CLIENTES', 1),
(13498, 181, 'Costo producción Mes 1', 'ECONOMICO', NULL, 'COSTO_PRODUCCION', NULL, 1),
(13499, 181, 'Ventas Mes 1', 'ECONOMICO', NULL, 'VENTA', NULL, 1),
(13500, 181, 'Costo producción Mes 2', 'FINANCIERO', 'EGRESOS_AFECTOS_A_IMPUESTOS', 'COSTO_PRODUCCION', 'DEUDA_PROVEEDORES', 1),
(13501, 181, 'Ventas Mes 2', 'FINANCIERO', 'INGRESOS_AFECTOS_A_IMPUESTOS', 'VENTA', 'CREDITO_CLIENTES', 1),
(13502, 181, 'Costo producción Mes 2', 'ECONOMICO', NULL, 'COSTO_PRODUCCION', NULL, 1),
(13503, 181, 'Ventas Mes 2', 'ECONOMICO', NULL, 'VENTA', NULL, 1),
(13504, 181, 'Costo producción Mes 3', 'FINANCIERO', 'EGRESOS_AFECTOS_A_IMPUESTOS', 'COSTO_PRODUCCION', 'DEUDA_PROVEEDORES', 1),
(13505, 181, 'Ventas Mes 3', 'FINANCIERO', 'INGRESOS_AFECTOS_A_IMPUESTOS', 'VENTA', 'CREDITO_CLIENTES', 1),
(13506, 181, 'Costo producción Mes 3', 'ECONOMICO', NULL, 'COSTO_PRODUCCION', NULL, 1),
(13507, 181, 'Ventas Mes 3', 'ECONOMICO', NULL, 'VENTA', NULL, 1),
(13508, 181, 'Costo producción Mes 4', 'FINANCIERO', 'EGRESOS_AFECTOS_A_IMPUESTOS', 'COSTO_PRODUCCION', 'DEUDA_PROVEEDORES', 1),
(13509, 181, 'Ventas Mes 4', 'FINANCIERO', 'INGRESOS_AFECTOS_A_IMPUESTOS', 'VENTA', 'CREDITO_CLIENTES', 1),
(13510, 181, 'Costo producción Mes 4', 'ECONOMICO', NULL, 'COSTO_PRODUCCION', NULL, 1),
(13511, 181, 'Ventas Mes 4', 'ECONOMICO', NULL, 'VENTA', NULL, 1),
(13512, 181, 'Costo producción Mes 5', 'FINANCIERO', 'EGRESOS_AFECTOS_A_IMPUESTOS', 'COSTO_PRODUCCION', 'DEUDA_PROVEEDORES', 1),
(13513, 181, 'Ventas Mes 5', 'FINANCIERO', 'INGRESOS_AFECTOS_A_IMPUESTOS', 'VENTA', 'CREDITO_CLIENTES', 1),
(13514, 181, 'Costo producción Mes 5', 'ECONOMICO', NULL, 'COSTO_PRODUCCION', NULL, 1),
(13515, 181, 'Ventas Mes 5', 'ECONOMICO', NULL, 'VENTA', NULL, 1),
(13516, 181, 'Costo producción Mes 6', 'FINANCIERO', 'EGRESOS_AFECTOS_A_IMPUESTOS', 'COSTO_PRODUCCION', 'DEUDA_PROVEEDORES', 1),
(13517, 181, 'Ventas Mes 6', 'FINANCIERO', 'INGRESOS_AFECTOS_A_IMPUESTOS', 'VENTA', 'CREDITO_CLIENTES', 1),
(13518, 181, 'Costo producción Mes 6', 'ECONOMICO', NULL, 'COSTO_PRODUCCION', NULL, 1),
(13519, 181, 'Ventas Mes 6', 'ECONOMICO', NULL, 'VENTA', NULL, 1),
(14158, 170, 'Publicidad', 'FINANCIERO', 'EGRESOS_AFECTOS_A_IMPUESTOS', 'OTROS', NULL, 1),
(14159, 170, 'Deudas Bancarias', 'FINANCIERO', 'EGRESOS_NO_AFECTOS_A_IMPUESTOS', 'OTROS', 'DEUDA_BANCARIA', 1),
(14160, 170, 'Crédito', 'FINANCIERO', 'INGRESOS_NO_AFECTOS_A_IMPUESTOS', 'OTROS', NULL, 1),
(14161, 170, 'Interés deuda', 'FINANCIERO', 'EGRESOS_AFECTOS_A_IMPUESTOS', 'OTROS', 'DEUDA_BANCARIA', 1),
(14162, 170, 'Amortización cuota', 'FINANCIERO', 'EGRESOS_NO_AFECTOS_A_IMPUESTOS', 'OTROS', 'DEUDA_BANCARIA', 1),
(14163, 170, 'Interés deuda', 'ECONOMICO', NULL, 'OTROS', NULL, 1),
(14164, 170, 'Interés deuda', 'ECONOMICO', NULL, 'OTROS', NULL, 1),
(14165, 170, 'Interés deuda', 'ECONOMICO', NULL, 'OTROS', NULL, 1),
(14166, 170, 'Costo producción Mes 1', 'FINANCIERO', 'EGRESOS_AFECTOS_A_IMPUESTOS', 'COSTO_PRODUCCION', 'DEUDA_PROVEEDORES', 1),
(14167, 170, 'Ventas Mes 1', 'FINANCIERO', 'INGRESOS_AFECTOS_A_IMPUESTOS', 'VENTA', 'CREDITO_CLIENTES', 1),
(14168, 170, 'Costo producción Mes 1', 'ECONOMICO', NULL, 'COSTO_PRODUCCION', NULL, 1),
(14169, 170, 'Ventas Mes 1', 'ECONOMICO', NULL, 'VENTA', NULL, 1),
(14170, 170, 'Costo producción Mes 2', 'FINANCIERO', 'EGRESOS_AFECTOS_A_IMPUESTOS', 'COSTO_PRODUCCION', 'DEUDA_PROVEEDORES', 1),
(14171, 170, 'Ventas Mes 2', 'FINANCIERO', 'INGRESOS_AFECTOS_A_IMPUESTOS', 'VENTA', 'CREDITO_CLIENTES', 1),
(14172, 170, 'Costo producción Mes 2', 'ECONOMICO', NULL, 'COSTO_PRODUCCION', NULL, 1),
(14173, 170, 'Ventas Mes 2', 'ECONOMICO', NULL, 'VENTA', NULL, 1),
(14174, 170, 'Costo producción Mes 3', 'FINANCIERO', 'EGRESOS_AFECTOS_A_IMPUESTOS', 'COSTO_PRODUCCION', 'DEUDA_PROVEEDORES', 1),
(14175, 170, 'Ventas Mes 3', 'FINANCIERO', 'INGRESOS_AFECTOS_A_IMPUESTOS', 'VENTA', 'CREDITO_CLIENTES', 1),
(14176, 170, 'Costo producción Mes 3', 'ECONOMICO', NULL, 'COSTO_PRODUCCION', NULL, 1),
(14177, 170, 'Ventas Mes 3', 'ECONOMICO', NULL, 'VENTA', NULL, 1),
(14178, 170, 'Costo producción Mes 4', 'FINANCIERO', 'EGRESOS_AFECTOS_A_IMPUESTOS', 'COSTO_PRODUCCION', 'DEUDA_PROVEEDORES', 1),
(14179, 170, 'Ventas Mes 4', 'FINANCIERO', 'INGRESOS_AFECTOS_A_IMPUESTOS', 'VENTA', 'CREDITO_CLIENTES', 1),
(14180, 170, 'Costo producción Mes 4', 'ECONOMICO', NULL, 'COSTO_PRODUCCION', NULL, 1),
(14181, 170, 'Ventas Mes 4', 'ECONOMICO', NULL, 'VENTA', NULL, 1),
(14182, 170, 'Costo producción Mes 5', 'FINANCIERO', 'EGRESOS_AFECTOS_A_IMPUESTOS', 'COSTO_PRODUCCION', 'DEUDA_PROVEEDORES', 1),
(14183, 170, 'Ventas Mes 5', 'FINANCIERO', 'INGRESOS_AFECTOS_A_IMPUESTOS', 'VENTA', 'CREDITO_CLIENTES', 1),
(14184, 170, 'Costo producción Mes 5', 'ECONOMICO', NULL, 'COSTO_PRODUCCION', NULL, 1),
(14185, 170, 'Ventas Mes 5', 'ECONOMICO', NULL, 'VENTA', NULL, 1),
(14186, 170, 'Costo producción Mes 6', 'FINANCIERO', 'EGRESOS_AFECTOS_A_IMPUESTOS', 'COSTO_PRODUCCION', 'DEUDA_PROVEEDORES', 1),
(14187, 170, 'Ventas Mes 6', 'FINANCIERO', 'INGRESOS_AFECTOS_A_IMPUESTOS', 'VENTA', 'CREDITO_CLIENTES', 1),
(14188, 170, 'Costo producción Mes 6', 'ECONOMICO', NULL, 'COSTO_PRODUCCION', NULL, 1),
(14189, 170, 'Ventas Mes 6', 'ECONOMICO', NULL, 'VENTA', NULL, 1),
(14190, 182, 'Maquinaria', 'FINANCIERO', 'INVERSIONES', 'OTROS', 'MAQUINARIAS', 1),
(14191, 182, 'Depreciacion Maquinaria', 'ECONOMICO', 'GASTOS_NO_DESEMBOLSABLES', 'OTROS', 'AMORTIZACION_MAQUINARIAS', 1),
(14192, 182, 'Valor Libro', 'FINANCIERO', 'GASTOS_NO_DESEMBOLSABLES', 'OTROS', NULL, 1),
(14193, 182, 'Publicidad', 'FINANCIERO', 'EGRESOS_AFECTOS_A_IMPUESTOS', 'OTROS', NULL, 1),
(14194, 182, 'Deudas Bancarias', 'FINANCIERO', 'EGRESOS_NO_AFECTOS_A_IMPUESTOS', 'OTROS', 'DEUDA_BANCARIA', 1),
(14195, 182, 'Crédito', 'FINANCIERO', 'INGRESOS_NO_AFECTOS_A_IMPUESTOS', 'OTROS', NULL, 1),
(14196, 182, 'Interés deuda', 'FINANCIERO', 'EGRESOS_AFECTOS_A_IMPUESTOS', 'OTROS', 'DEUDA_BANCARIA', 1),
(14197, 182, 'Amortización cuota', 'FINANCIERO', 'EGRESOS_NO_AFECTOS_A_IMPUESTOS', 'OTROS', 'DEUDA_BANCARIA', 1),
(14198, 182, 'Interés deuda', 'ECONOMICO', NULL, 'OTROS', NULL, 1),
(14199, 182, 'Interés deuda', 'ECONOMICO', NULL, 'OTROS', NULL, 1),
(14200, 182, 'Interés deuda', 'ECONOMICO', NULL, 'OTROS', NULL, 1),
(14201, 182, 'Interés deuda', 'ECONOMICO', NULL, 'OTROS', NULL, 1),
(14202, 182, 'Costo producción Mes 1', 'FINANCIERO', 'EGRESOS_AFECTOS_A_IMPUESTOS', 'COSTO_PRODUCCION', 'DEUDA_PROVEEDORES', 1),
(14203, 182, 'Ventas Mes 1', 'FINANCIERO', 'INGRESOS_AFECTOS_A_IMPUESTOS', 'VENTA', 'CREDITO_CLIENTES', 1),
(14204, 182, 'Costo producción Mes 1', 'ECONOMICO', NULL, 'COSTO_PRODUCCION', NULL, 1),
(14205, 182, 'Ventas Mes 1', 'ECONOMICO', NULL, 'VENTA', NULL, 1),
(14206, 182, 'Costo producción Mes 2', 'FINANCIERO', 'EGRESOS_AFECTOS_A_IMPUESTOS', 'COSTO_PRODUCCION', 'DEUDA_PROVEEDORES', 1),
(14207, 182, 'Ventas Mes 2', 'FINANCIERO', 'INGRESOS_AFECTOS_A_IMPUESTOS', 'VENTA', 'CREDITO_CLIENTES', 1),
(14208, 182, 'Costo producción Mes 2', 'ECONOMICO', NULL, 'COSTO_PRODUCCION', NULL, 1),
(14209, 182, 'Ventas Mes 2', 'ECONOMICO', NULL, 'VENTA', NULL, 1),
(14210, 182, 'Costo producción Mes 3', 'FINANCIERO', 'EGRESOS_AFECTOS_A_IMPUESTOS', 'COSTO_PRODUCCION', 'DEUDA_PROVEEDORES', 1),
(14211, 182, 'Ventas Mes 3', 'FINANCIERO', 'INGRESOS_AFECTOS_A_IMPUESTOS', 'VENTA', 'CREDITO_CLIENTES', 1),
(14212, 182, 'Costo producción Mes 3', 'ECONOMICO', NULL, 'COSTO_PRODUCCION', NULL, 1),
(14213, 182, 'Ventas Mes 3', 'ECONOMICO', NULL, 'VENTA', NULL, 1),
(14214, 182, 'Costo producción Mes 4', 'FINANCIERO', 'EGRESOS_AFECTOS_A_IMPUESTOS', 'COSTO_PRODUCCION', 'DEUDA_PROVEEDORES', 1),
(14215, 182, 'Ventas Mes 4', 'FINANCIERO', 'INGRESOS_AFECTOS_A_IMPUESTOS', 'VENTA', 'CREDITO_CLIENTES', 1),
(14216, 182, 'Costo producción Mes 4', 'ECONOMICO', NULL, 'COSTO_PRODUCCION', NULL, 1),
(14217, 182, 'Ventas Mes 4', 'ECONOMICO', NULL, 'VENTA', NULL, 1),
(14218, 182, 'Costo producción Mes 5', 'FINANCIERO', 'EGRESOS_AFECTOS_A_IMPUESTOS', 'COSTO_PRODUCCION', 'DEUDA_PROVEEDORES', 1),
(14219, 182, 'Ventas Mes 5', 'FINANCIERO', 'INGRESOS_AFECTOS_A_IMPUESTOS', 'VENTA', 'CREDITO_CLIENTES', 1),
(14220, 182, 'Costo producción Mes 5', 'ECONOMICO', NULL, 'COSTO_PRODUCCION', NULL, 1),
(14221, 182, 'Ventas Mes 5', 'ECONOMICO', NULL, 'VENTA', NULL, 1),
(14222, 182, 'Costo producción Mes 6', 'FINANCIERO', 'EGRESOS_AFECTOS_A_IMPUESTOS', 'COSTO_PRODUCCION', 'DEUDA_PROVEEDORES', 1),
(14223, 182, 'Ventas Mes 6', 'FINANCIERO', 'INGRESOS_AFECTOS_A_IMPUESTOS', 'VENTA', 'CREDITO_CLIENTES', 1),
(14224, 182, 'Costo producción Mes 6', 'ECONOMICO', NULL, 'COSTO_PRODUCCION', NULL, 1),
(14225, 182, 'Ventas Mes 6', 'ECONOMICO', NULL, 'VENTA', NULL, 1),
(14310, 171, 'Publicidad', 'FINANCIERO', 'EGRESOS_AFECTOS_A_IMPUESTOS', 'OTROS', NULL, 1),
(14311, 171, 'Deudas Bancarias', 'FINANCIERO', 'EGRESOS_NO_AFECTOS_A_IMPUESTOS', 'OTROS', 'DEUDA_BANCARIA', 1),
(14312, 171, 'Crédito', 'FINANCIERO', 'INGRESOS_NO_AFECTOS_A_IMPUESTOS', 'OTROS', NULL, 1),
(14313, 171, 'Interés deuda', 'FINANCIERO', 'EGRESOS_AFECTOS_A_IMPUESTOS', 'OTROS', 'DEUDA_BANCARIA', 1),
(14314, 171, 'Amortización cuota', 'FINANCIERO', 'EGRESOS_NO_AFECTOS_A_IMPUESTOS', 'OTROS', 'DEUDA_BANCARIA', 1),
(14315, 171, 'Interés deuda', 'ECONOMICO', NULL, 'OTROS', NULL, 1),
(14316, 171, 'Interés deuda', 'ECONOMICO', NULL, 'OTROS', NULL, 1),
(14317, 171, 'Interés deuda', 'ECONOMICO', NULL, 'OTROS', NULL, 1),
(14318, 171, 'Interés deuda', 'ECONOMICO', NULL, 'OTROS', NULL, 1),
(14319, 171, 'Costo producción Mes 1', 'FINANCIERO', 'EGRESOS_AFECTOS_A_IMPUESTOS', 'COSTO_PRODUCCION', 'DEUDA_PROVEEDORES', 1),
(14320, 171, 'Ventas Mes 1', 'FINANCIERO', 'INGRESOS_AFECTOS_A_IMPUESTOS', 'VENTA', 'CREDITO_CLIENTES', 1),
(14321, 171, 'Costo producción Mes 1', 'ECONOMICO', NULL, 'COSTO_PRODUCCION', NULL, 1),
(14322, 171, 'Ventas Mes 1', 'ECONOMICO', NULL, 'VENTA', NULL, 1),
(14323, 171, 'Costo producción Mes 2', 'FINANCIERO', 'EGRESOS_AFECTOS_A_IMPUESTOS', 'COSTO_PRODUCCION', 'DEUDA_PROVEEDORES', 1),
(14324, 171, 'Ventas Mes 2', 'FINANCIERO', 'INGRESOS_AFECTOS_A_IMPUESTOS', 'VENTA', 'CREDITO_CLIENTES', 1),
(14325, 171, 'Costo producción Mes 2', 'ECONOMICO', NULL, 'COSTO_PRODUCCION', NULL, 1),
(14326, 171, 'Ventas Mes 2', 'ECONOMICO', NULL, 'VENTA', NULL, 1),
(14327, 171, 'Costo producción Mes 3', 'FINANCIERO', 'EGRESOS_AFECTOS_A_IMPUESTOS', 'COSTO_PRODUCCION', 'DEUDA_PROVEEDORES', 1),
(14328, 171, 'Ventas Mes 3', 'FINANCIERO', 'INGRESOS_AFECTOS_A_IMPUESTOS', 'VENTA', 'CREDITO_CLIENTES', 1),
(14329, 171, 'Costo producción Mes 3', 'ECONOMICO', NULL, 'COSTO_PRODUCCION', NULL, 1),
(14330, 171, 'Ventas Mes 3', 'ECONOMICO', NULL, 'VENTA', NULL, 1),
(14331, 171, 'Costo producción Mes 4', 'FINANCIERO', 'EGRESOS_AFECTOS_A_IMPUESTOS', 'COSTO_PRODUCCION', 'DEUDA_PROVEEDORES', 1),
(14332, 171, 'Ventas Mes 4', 'FINANCIERO', 'INGRESOS_AFECTOS_A_IMPUESTOS', 'VENTA', 'CREDITO_CLIENTES', 1),
(14333, 171, 'Costo producción Mes 4', 'ECONOMICO', NULL, 'COSTO_PRODUCCION', NULL, 1),
(14334, 171, 'Ventas Mes 4', 'ECONOMICO', NULL, 'VENTA', NULL, 1),
(14335, 171, 'Costo producción Mes 5', 'FINANCIERO', 'EGRESOS_AFECTOS_A_IMPUESTOS', 'COSTO_PRODUCCION', 'DEUDA_PROVEEDORES', 1),
(14336, 171, 'Ventas Mes 5', 'FINANCIERO', 'INGRESOS_AFECTOS_A_IMPUESTOS', 'VENTA', 'CREDITO_CLIENTES', 1),
(14337, 171, 'Costo producción Mes 5', 'ECONOMICO', NULL, 'COSTO_PRODUCCION', NULL, 1),
(14338, 171, 'Ventas Mes 5', 'ECONOMICO', NULL, 'VENTA', NULL, 1),
(14339, 171, 'Costo producción Mes 6', 'FINANCIERO', 'EGRESOS_AFECTOS_A_IMPUESTOS', 'COSTO_PRODUCCION', 'DEUDA_PROVEEDORES', 1),
(14340, 171, 'Ventas Mes 6', 'FINANCIERO', 'INGRESOS_AFECTOS_A_IMPUESTOS', 'VENTA', 'CREDITO_CLIENTES', 1),
(14341, 171, 'Costo producción Mes 6', 'ECONOMICO', NULL, 'COSTO_PRODUCCION', NULL, 1),
(14342, 171, 'Ventas Mes 6', 'ECONOMICO', NULL, 'VENTA', NULL, 1),
(14834, 184, 'Maquinaria', 'FINANCIERO', 'INVERSIONES', 'OTROS', 'MAQUINARIAS', 1),
(14835, 184, 'Depreciacion Maquinaria', 'ECONOMICO', 'GASTOS_NO_DESEMBOLSABLES', 'OTROS', 'AMORTIZACION_MAQUINARIAS', 1),
(14836, 184, 'Valor Libro Maquinaria', 'FINANCIERO', 'GASTOS_NO_DESEMBOLSABLES', 'OTROS', NULL, 1),
(14837, 184, 'Deudas Bancarias', 'FINANCIERO', 'EGRESOS_NO_AFECTOS_A_IMPUESTOS', 'OTROS', 'DEUDA_BANCARIA', 1),
(14838, 184, 'Crédito', 'FINANCIERO', 'INGRESOS_NO_AFECTOS_A_IMPUESTOS', 'OTROS', NULL, 1),
(14839, 184, 'Interés deuda', 'FINANCIERO', 'EGRESOS_AFECTOS_A_IMPUESTOS', 'OTROS', 'DEUDA_BANCARIA', 1),
(14840, 184, 'Amortización cuota', 'FINANCIERO', 'EGRESOS_NO_AFECTOS_A_IMPUESTOS', 'OTROS', 'DEUDA_BANCARIA', 1),
(14841, 184, 'Interés deuda', 'ECONOMICO', NULL, 'OTROS', NULL, 1),
(14842, 184, 'Interés deuda', 'ECONOMICO', NULL, 'OTROS', NULL, 1),
(14843, 184, 'Interés deuda', 'ECONOMICO', NULL, 'OTROS', NULL, 1),
(14844, 184, 'Interés deuda', 'ECONOMICO', NULL, 'OTROS', NULL, 1),
(14845, 184, 'Costo producción Mes 1', 'FINANCIERO', 'EGRESOS_AFECTOS_A_IMPUESTOS', 'COSTO_PRODUCCION', 'DEUDA_PROVEEDORES', 1),
(14846, 184, 'Ventas Mes 1', 'FINANCIERO', 'INGRESOS_AFECTOS_A_IMPUESTOS', 'VENTA', 'CREDITO_CLIENTES', 1),
(14847, 184, 'Costo producción Mes 1', 'ECONOMICO', NULL, 'COSTO_PRODUCCION', NULL, 1),
(14848, 184, 'Ventas Mes 1', 'ECONOMICO', NULL, 'VENTA', NULL, 1),
(14849, 184, 'Costo producción Mes 2', 'FINANCIERO', 'EGRESOS_AFECTOS_A_IMPUESTOS', 'COSTO_PRODUCCION', 'DEUDA_PROVEEDORES', 1),
(14850, 184, 'Ventas Mes 2', 'FINANCIERO', 'INGRESOS_AFECTOS_A_IMPUESTOS', 'VENTA', 'CREDITO_CLIENTES', 1),
(14851, 184, 'Costo producción Mes 2', 'ECONOMICO', NULL, 'COSTO_PRODUCCION', NULL, 1),
(14852, 184, 'Ventas Mes 2', 'ECONOMICO', NULL, 'VENTA', NULL, 1),
(14853, 184, 'Costo producción Mes 3', 'FINANCIERO', 'EGRESOS_AFECTOS_A_IMPUESTOS', 'COSTO_PRODUCCION', 'DEUDA_PROVEEDORES', 1),
(14854, 184, 'Ventas Mes 3', 'FINANCIERO', 'INGRESOS_AFECTOS_A_IMPUESTOS', 'VENTA', 'CREDITO_CLIENTES', 1),
(14855, 184, 'Costo producción Mes 3', 'ECONOMICO', NULL, 'COSTO_PRODUCCION', NULL, 1),
(14856, 184, 'Ventas Mes 3', 'ECONOMICO', NULL, 'VENTA', NULL, 1),
(14857, 184, 'Costo producción Mes 4', 'FINANCIERO', 'EGRESOS_AFECTOS_A_IMPUESTOS', 'COSTO_PRODUCCION', 'DEUDA_PROVEEDORES', 1),
(14858, 184, 'Ventas Mes 4', 'FINANCIERO', 'INGRESOS_AFECTOS_A_IMPUESTOS', 'VENTA', 'CREDITO_CLIENTES', 1),
(14859, 184, 'Costo producción Mes 4', 'ECONOMICO', NULL, 'COSTO_PRODUCCION', NULL, 1),
(14860, 184, 'Ventas Mes 4', 'ECONOMICO', NULL, 'VENTA', NULL, 1),
(14861, 184, 'Costo producción Mes 5', 'FINANCIERO', 'EGRESOS_AFECTOS_A_IMPUESTOS', 'COSTO_PRODUCCION', 'DEUDA_PROVEEDORES', 1),
(14862, 184, 'Ventas Mes 5', 'FINANCIERO', 'INGRESOS_AFECTOS_A_IMPUESTOS', 'VENTA', 'CREDITO_CLIENTES', 1),
(14863, 184, 'Costo producción Mes 5', 'ECONOMICO', NULL, 'COSTO_PRODUCCION', NULL, 1),
(14864, 184, 'Ventas Mes 5', 'ECONOMICO', NULL, 'VENTA', NULL, 1),
(14865, 184, 'Costo producción Mes 6', 'FINANCIERO', 'EGRESOS_AFECTOS_A_IMPUESTOS', 'COSTO_PRODUCCION', 'DEUDA_PROVEEDORES', 1),
(14866, 184, 'Ventas Mes 6', 'FINANCIERO', 'INGRESOS_AFECTOS_A_IMPUESTOS', 'VENTA', 'CREDITO_CLIENTES', 1),
(14867, 184, 'Costo producción Mes 6', 'ECONOMICO', NULL, 'COSTO_PRODUCCION', NULL, 1),
(14868, 184, 'Ventas Mes 6', 'ECONOMICO', NULL, 'VENTA', NULL, 1),
(15110, 185, 'Maquinaria', 'FINANCIERO', 'INVERSIONES', 'OTROS', 'MAQUINARIAS', 1),
(15111, 185, 'Depreciacion Maquinaria', 'ECONOMICO', 'GASTOS_NO_DESEMBOLSABLES', 'OTROS', 'AMORTIZACION_MAQUINARIAS', 1),
(15112, 185, 'Valor Libro Maquinaria', 'FINANCIERO', 'GASTOS_NO_DESEMBOLSABLES', 'OTROS', NULL, 1),
(15113, 185, 'Publicidad', 'FINANCIERO', 'EGRESOS_AFECTOS_A_IMPUESTOS', 'OTROS', NULL, 1),
(15114, 185, 'Deudas Bancarias', 'FINANCIERO', 'EGRESOS_NO_AFECTOS_A_IMPUESTOS', 'OTROS', 'DEUDA_BANCARIA', 1),
(15115, 185, 'Crédito', 'FINANCIERO', 'INGRESOS_NO_AFECTOS_A_IMPUESTOS', 'OTROS', NULL, 1),
(15116, 185, 'Interés deuda', 'FINANCIERO', 'EGRESOS_AFECTOS_A_IMPUESTOS', 'OTROS', 'DEUDA_BANCARIA', 1),
(15117, 185, 'Amortización cuota', 'FINANCIERO', 'EGRESOS_NO_AFECTOS_A_IMPUESTOS', 'OTROS', 'DEUDA_BANCARIA', 1),
(15118, 185, 'Interés deuda', 'ECONOMICO', NULL, 'OTROS', NULL, 1),
(15119, 185, 'Interés deuda', 'ECONOMICO', NULL, 'OTROS', NULL, 1),
(15120, 185, 'Interés deuda', 'ECONOMICO', NULL, 'OTROS', NULL, 1),
(15121, 185, 'Interés deuda', 'ECONOMICO', NULL, 'OTROS', NULL, 1),
(15122, 185, 'Costo producción Mes 1', 'FINANCIERO', 'EGRESOS_AFECTOS_A_IMPUESTOS', 'COSTO_PRODUCCION', 'DEUDA_PROVEEDORES', 1),
(15123, 185, 'Ventas Mes 1', 'FINANCIERO', 'INGRESOS_AFECTOS_A_IMPUESTOS', 'VENTA', 'CREDITO_CLIENTES', 1),
(15124, 185, 'Costo producción Mes 1', 'ECONOMICO', NULL, 'COSTO_PRODUCCION', NULL, 1),
(15125, 185, 'Ventas Mes 1', 'ECONOMICO', NULL, 'VENTA', NULL, 1),
(15126, 185, 'Costo producción Mes 2', 'FINANCIERO', 'EGRESOS_AFECTOS_A_IMPUESTOS', 'COSTO_PRODUCCION', 'DEUDA_PROVEEDORES', 1),
(15127, 185, 'Ventas Mes 2', 'FINANCIERO', 'INGRESOS_AFECTOS_A_IMPUESTOS', 'VENTA', 'CREDITO_CLIENTES', 1),
(15128, 185, 'Costo producción Mes 2', 'ECONOMICO', NULL, 'COSTO_PRODUCCION', NULL, 1),
(15129, 185, 'Ventas Mes 2', 'ECONOMICO', NULL, 'VENTA', NULL, 1),
(15130, 185, 'Costo producción Mes 3', 'FINANCIERO', 'EGRESOS_AFECTOS_A_IMPUESTOS', 'COSTO_PRODUCCION', 'DEUDA_PROVEEDORES', 1),
(15131, 185, 'Ventas Mes 3', 'FINANCIERO', 'INGRESOS_AFECTOS_A_IMPUESTOS', 'VENTA', 'CREDITO_CLIENTES', 1),
(15132, 185, 'Costo producción Mes 3', 'ECONOMICO', NULL, 'COSTO_PRODUCCION', NULL, 1),
(15133, 185, 'Ventas Mes 3', 'ECONOMICO', NULL, 'VENTA', NULL, 1),
(15134, 185, 'Costo producción Mes 4', 'FINANCIERO', 'EGRESOS_AFECTOS_A_IMPUESTOS', 'COSTO_PRODUCCION', 'DEUDA_PROVEEDORES', 1),
(15135, 185, 'Ventas Mes 4', 'FINANCIERO', 'INGRESOS_AFECTOS_A_IMPUESTOS', 'VENTA', 'CREDITO_CLIENTES', 1),
(15136, 185, 'Costo producción Mes 4', 'ECONOMICO', NULL, 'COSTO_PRODUCCION', NULL, 1),
(15137, 185, 'Ventas Mes 4', 'ECONOMICO', NULL, 'VENTA', NULL, 1),
(15138, 185, 'Costo producción Mes 5', 'FINANCIERO', 'EGRESOS_AFECTOS_A_IMPUESTOS', 'COSTO_PRODUCCION', 'DEUDA_PROVEEDORES', 1),
(15139, 185, 'Ventas Mes 5', 'FINANCIERO', 'INGRESOS_AFECTOS_A_IMPUESTOS', 'VENTA', 'CREDITO_CLIENTES', 1),
(15140, 185, 'Costo producción Mes 5', 'ECONOMICO', NULL, 'COSTO_PRODUCCION', NULL, 1),
(15141, 185, 'Ventas Mes 5', 'ECONOMICO', NULL, 'VENTA', NULL, 1),
(15142, 185, 'Costo producción Mes 6', 'FINANCIERO', 'EGRESOS_AFECTOS_A_IMPUESTOS', 'COSTO_PRODUCCION', 'DEUDA_PROVEEDORES', 1),
(15143, 185, 'Ventas Mes 6', 'FINANCIERO', 'INGRESOS_AFECTOS_A_IMPUESTOS', 'VENTA', 'CREDITO_CLIENTES', 1),
(15144, 185, 'Costo producción Mes 6', 'ECONOMICO', NULL, 'COSTO_PRODUCCION', NULL, 1),
(15145, 185, 'Ventas Mes 6', 'ECONOMICO', NULL, 'VENTA', NULL, 1);


--
-- Dumping data for table `cuenta_periodo`
--

INSERT INTO `cuenta_periodo` (`id`, `cuenta_id`, `monto`, `periodo`) VALUES
(8687, 6302, '200000.00', 0),
(8688, 6303, '-3333.33', 1),
(8689, 6303, '-3333.33', 2),
(8690, 6303, '-3333.33', 3),
(8691, 6303, '-3333.33', 4),
(8692, 6303, '-3333.33', 5),
(8693, 6303, '-3333.33', 6),
(8694, 6304, '180000.02', 6),
(8695, 6305, '50000.00', 1),
(8696, 6305, '50000.00', 2),
(8697, 6305, '50000.00', 3),
(8698, 6306, '1698450.00', 1),
(8699, 6307, '1900000.00', 1),
(8700, 6308, '-1132300.00', 1),
(8701, 6309, '1900000.00', 1),
(8702, 6310, '1698450.00', 2),
(8703, 6311, '1900000.00', 2),
(8704, 6312, '-1132300.00', 2),
(8705, 6313, '1900000.00', 2),
(8706, 6314, '1698450.00', 3),
(8707, 6315, '1900000.00', 3),
(8708, 6316, '-1132300.00', 3),
(8709, 6317, '1900000.00', 3),
(8710, 6318, '1698450.00', 4),
(8711, 6319, '1900000.00', 4),
(8712, 6320, '-1132300.00', 4),
(8713, 6321, '1900000.00', 4),
(8714, 6322, '1698450.00', 5),
(8715, 6323, '1900000.00', 5),
(8716, 6324, '-1132300.00', 5),
(8717, 6325, '1900000.00', 5),
(8718, 6326, '1698450.00', 6),
(8719, 6327, '1900000.00', 6),
(8720, 6328, '-1132300.00', 6),
(8721, 6329, '1900000.00', 6),
(14350, 10112, '100000.00', 0),
(14351, 10113, '1666.66', 1),
(14352, 10113, '1666.66', 2),
(14353, 10113, '1666.66', 3),
(14354, 10113, '1666.66', 4),
(14355, 10113, '1666.66', 5),
(14356, 10113, '1666.66', 6),
(14357, 10114, '90000.04', 6),
(14358, 10115, '25000.00', 1),
(14359, 10115, '25000.00', 2),
(14360, 10115, '25000.00', 3),
(14361, 10115, '25000.00', 4),
(14362, 10116, '50000.00', 1),
(14363, 10116, '50000.00', 2),
(14364, 10116, '50000.00', 3),
(14365, 10117, '200000.00', 0),
(14366, 10118, '3600.00', 1),
(14367, 10119, '48670.04', 1),
(14368, 10120, '-3600.00', 1),
(14369, 10118, '2723.94', 2),
(14370, 10119, '49546.10', 2),
(14371, 10121, '-2723.94', 2),
(14372, 10118, '1832.11', 3),
(14373, 10119, '50437.93', 3),
(14374, 10122, '-1832.11', 3),
(14375, 10118, '924.23', 4),
(14376, 10119, '51345.81', 4),
(14377, 10123, '-924.23', 4),
(14378, 10124, '1512700.00', 1),
(14379, 10125, '2700000.00', 1),
(14380, 10125, '675000.00', 2),
(14381, 10126, '-1134525.00', 1),
(14382, 10127, '3375000.00', 1),
(14383, 10128, '1512700.00', 2),
(14384, 10129, '2880000.00', 2),
(14385, 10129, '720000.00', 3),
(14386, 10130, '-1210160.00', 2),
(14387, 10131, '3600000.00', 2),
(14388, 10132, '1512700.00', 3),
(14389, 10133, '3600000.00', 3),
(14390, 10133, '900000.00', 4),
(14391, 10134, '-1512700.00', 3),
(14392, 10135, '4500000.00', 3),
(14393, 10136, '1512700.00', 4),
(14394, 10137, '3960000.00', 4),
(14395, 10137, '990000.00', 5),
(14396, 10138, '-1663970.00', 4),
(14397, 10139, '4950000.00', 4),
(14398, 10140, '1512700.00', 5),
(14399, 10141, '4140000.00', 5),
(14400, 10141, '1035000.00', 6),
(14401, 10142, '-1739605.00', 5),
(14402, 10143, '5175000.00', 5),
(14403, 10144, '1512700.00', 6),
(14404, 10145, '4320000.00', 6),
(14405, 10145, '1080000.00', 7),
(14406, 10146, '-1815240.00', 6),
(14407, 10147, '5400000.00', 6),
(14439, 10174, '25000.00', 1),
(14440, 10174, '25000.00', 2),
(14441, 10174, '25000.00', 3),
(14442, 10174, '25000.00', 4),
(14443, 10175, '50000.00', 1),
(14444, 10175, '50000.00', 2),
(14445, 10175, '50000.00', 3),
(14446, 10176, '801950.00', 1),
(14447, 10177, '1746500.00', 1),
(14448, 10178, '-561365.00', 1),
(14449, 10179, '1746500.00', 1),
(14450, 10180, '801950.00', 2),
(14451, 10181, '1996000.00', 2),
(14452, 10182, '-641560.00', 2),
(14453, 10183, '1996000.00', 2),
(14454, 10184, '801950.00', 3),
(14455, 10185, '2245500.00', 3),
(14456, 10186, '-721755.00', 3),
(14457, 10187, '2245500.00', 3),
(14458, 10188, '801950.00', 4),
(14459, 10189, '2744500.00', 4),
(14460, 10190, '-882145.00', 4),
(14461, 10191, '2744500.00', 4),
(14462, 10192, '801950.00', 5),
(14463, 10193, '2994000.00', 5),
(14464, 10194, '-962340.00', 5),
(14465, 10195, '2994000.00', 5),
(14466, 10196, '801950.00', 6),
(14467, 10197, '3243500.00', 6),
(14468, 10198, '-1042535.00', 6),
(14469, 10199, '3243500.00', 6),
(16259, 11358, '100000.00', 0),
(16260, 11359, '-1666.66', 1),
(16261, 11359, '-1666.66', 2),
(16262, 11359, '-1666.66', 3),
(16263, 11359, '-1666.66', 4),
(16264, 11359, '-1666.66', 5),
(16265, 11359, '-1666.66', 6),
(16266, 11360, '90000.04', 6),
(16267, 11361, '50000.00', 1),
(16268, 11361, '50000.00', 2),
(16269, 11361, '50000.00', 3),
(16270, 11362, '100000.00', 0),
(16271, 11363, '1600.00', 1),
(16272, 11364, '32805.64', 1),
(16273, 11365, '-1600.00', 1),
(16274, 11363, '1075.11', 2),
(16275, 11364, '33330.53', 2),
(16276, 11366, '-1075.11', 2),
(16277, 11363, '541.82', 3),
(16278, 11364, '33863.82', 3),
(16279, 11367, '-541.82', 3),
(16280, 11368, '1402200.00', 1),
(16281, 11369, '6400000.00', 1),
(16282, 11369, '800000.00', 2),
(16283, 11369, '800000.00', 3),
(16284, 11370, '-1402200.00', 1),
(16285, 11371, '8000000.00', 1),
(16286, 11372, '1402200.00', 2),
(16287, 11373, '6400000.00', 2),
(16288, 11373, '800000.00', 3),
(16289, 11373, '800000.00', 4),
(16290, 11374, '-1402200.00', 2),
(16291, 11375, '8000000.00', 2),
(16292, 11376, '1402200.00', 3),
(16293, 11377, '6400000.00', 3),
(16294, 11377, '800000.00', 4),
(16295, 11377, '800000.00', 5),
(16296, 11378, '-1402200.00', 3),
(16297, 11379, '8000000.00', 3),
(16298, 11380, '1402200.00', 4),
(16299, 11381, '6400000.00', 4),
(16300, 11381, '800000.00', 5),
(16301, 11381, '800000.00', 6),
(16302, 11382, '-1402200.00', 4),
(16303, 11383, '8000000.00', 4),
(16304, 11384, '1402200.00', 5),
(16305, 11385, '6400000.00', 5),
(16306, 11385, '800000.00', 6),
(16307, 11385, '800000.00', 7),
(16308, 11386, '-1402200.00', 5),
(16309, 11387, '8000000.00', 5),
(16310, 11388, '1402200.00', 6),
(16311, 11389, '6400000.00', 6),
(16312, 11389, '800000.00', 7),
(16313, 11389, '800000.00', 8),
(16314, 11390, '-1402200.00', 6),
(16315, 11391, '8000000.00', 6),
(16746, 11696, '25000.00', 1),
(16747, 11696, '25000.00', 2),
(16748, 11696, '25000.00', 3),
(16749, 11696, '25000.00', 4),
(16750, 11697, '50000.00', 1),
(16751, 11697, '50000.00', 2),
(16752, 11697, '50000.00', 3),
(16753, 11698, '1051950.00', 1),
(16754, 11699, '2400000.00', 1),
(16755, 11700, '-841560.00', 1),
(16756, 11701, '2400000.00', 1),
(16757, 11702, '1051950.00', 2),
(16758, 11703, '3300000.00', 2),
(16759, 11704, '-1157145.00', 2),
(16760, 11705, '3300000.00', 2),
(16761, 11706, '1051950.00', 3),
(16762, 11707, '3575000.00', 3),
(16763, 11708, '-1157145.00', 3),
(16764, 11709, '3575000.00', 3),
(16765, 11710, '1051950.00', 4),
(16766, 11711, '3250000.00', 4),
(16767, 11712, '-1051950.00', 4),
(16768, 11713, '3250000.00', 4),
(16769, 11714, '1051950.00', 5),
(16770, 11715, '3750000.00', 5),
(16771, 11716, '-1051950.00', 5),
(16772, 11717, '3750000.00', 5),
(16773, 11718, '1051950.00', 6),
(16774, 11719, '4000000.00', 6),
(16775, 11720, '-1051950.00', 6),
(16776, 11721, '4000000.00', 6),
(18969, 13303, '25000.00', 1),
(18970, 13303, '25000.00', 2),
(18971, 13303, '25000.00', 3),
(18972, 13303, '25000.00', 4),
(18973, 13304, '50000.00', 1),
(18974, 13304, '50000.00', 2),
(18975, 13304, '50000.00', 3),
(18976, 13305, '2359200.00', 1),
(18977, 13306, '2850000.00', 1),
(18978, 13307, '-1792992.00', 1),
(18979, 13308, '2850000.00', 1),
(18980, 13309, '2359200.00', 2),
(18981, 13310, '3600000.00', 2),
(18982, 13311, '-2264832.00', 2),
(18983, 13312, '3600000.00', 2),
(18984, 13313, '2359200.00', 3),
(18985, 13314, '3750000.00', 3),
(18986, 13315, '-2359200.00', 3),
(18987, 13316, '3750000.00', 3),
(18988, 13317, '2359200.00', 4),
(18989, 13318, '3750000.00', 4),
(18990, 13319, '-2359200.00', 4),
(18991, 13320, '3750000.00', 4),
(18992, 13321, '2359200.00', 5),
(18993, 13322, '3750000.00', 5),
(18994, 13323, '-2359200.00', 5),
(18995, 13324, '3750000.00', 5),
(18996, 13325, '2359200.00', 6),
(18997, 13326, '3750000.00', 6),
(18998, 13327, '-2359200.00', 6),
(18999, 13328, '3750000.00', 6),
(19221, 13487, '25000.00', 1),
(19222, 13487, '25000.00', 2),
(19223, 13487, '25000.00', 3),
(19224, 13487, '25000.00', 4),
(19225, 13488, '50000.00', 1),
(19226, 13488, '50000.00', 2),
(19227, 13488, '50000.00', 3),
(19228, 13489, '500000.00', 0),
(19229, 13490, '9000.00', 1),
(19230, 13491, '121675.11', 1),
(19231, 13492, '-9000.00', 1),
(19232, 13490, '6809.85', 2),
(19233, 13491, '123865.26', 2),
(19234, 13493, '-6809.85', 2),
(19235, 13490, '4580.27', 3),
(19236, 13491, '126094.84', 3),
(19237, 13494, '-4580.27', 3),
(19238, 13490, '2310.57', 4),
(19239, 13491, '128364.54', 4),
(19240, 13495, '-2310.57', 4),
(19241, 13496, '2359200.00', 1),
(19242, 13497, '1911000.00', 1),
(19243, 13497, '819000.00', 2),
(19244, 13498, '-1840176.00', 1),
(19245, 13499, '2730000.00', 1),
(19246, 13500, '2359200.00', 2),
(19247, 13501, '2162160.00', 2),
(19248, 13501, '926640.00', 3),
(19249, 13502, '-2024193.60', 2),
(19250, 13503, '3088800.00', 2),
(19251, 13504, '2359200.00', 3),
(19252, 13505, '2590000.00', 3),
(19253, 13505, '1110000.00', 4),
(19254, 13506, '-2359200.00', 3),
(19255, 13507, '3700000.00', 3),
(19256, 13508, '2359200.00', 4),
(19257, 13509, '2625000.00', 4),
(19258, 13509, '1125000.00', 5),
(19259, 13510, '-2359200.00', 4),
(19260, 13511, '3750000.00', 4),
(19261, 13512, '2359200.00', 5),
(19262, 13513, '2730000.00', 5),
(19263, 13513, '1170000.00', 6),
(19264, 13514, '-2359200.00', 5),
(19265, 13515, '3900000.00', 5),
(19266, 13516, '2359200.00', 6),
(19267, 13517, '2800000.00', 6),
(19268, 13517, '1200000.00', 7),
(19269, 13518, '-2359200.00', 6),
(19270, 13519, '4000000.00', 6),
(19912, 14158, '25000.00', 1),
(19913, 14158, '25000.00', 2),
(19914, 14158, '25000.00', 3),
(19915, 14158, '25000.00', 4),
(19916, 14159, '50000.00', 1),
(19917, 14159, '50000.00', 2),
(19918, 14159, '50000.00', 3),
(19919, 14160, '260000.00', 0),
(19920, 14161, '4160.00', 1),
(19921, 14162, '85294.67', 1),
(19922, 14163, '-4160.00', 1),
(19923, 14161, '2795.29', 2),
(19924, 14162, '86659.38', 2),
(19925, 14164, '-2795.29', 2),
(19926, 14161, '1408.74', 3),
(19927, 14162, '88045.93', 3),
(19928, 14165, '-1408.74', 3),
(19929, 14166, '801950.00', 1),
(19930, 14167, '660000.00', 1),
(19931, 14168, '-192468.00', 1),
(19932, 14169, '660000.00', 1),
(19933, 14170, '801950.00', 2),
(19934, 14171, '1170000.00', 2),
(19935, 14172, '-312760.50', 2),
(19936, 14173, '1170000.00', 2),
(19937, 14174, '801950.00', 3),
(19938, 14175, '1500000.00', 3),
(19939, 14176, '-400975.00', 3),
(19940, 14177, '1500000.00', 3),
(19941, 14178, '801950.00', 4),
(19942, 14179, '1840000.00', 4),
(19943, 14180, '-513248.00', 4),
(19944, 14181, '1840000.00', 4),
(19945, 14182, '801950.00', 5),
(19946, 14183, '2012500.00', 5),
(19947, 14184, '-561365.00', 5),
(19948, 14185, '2012500.00', 5),
(19949, 14186, '801950.00', 6),
(19950, 14187, '2012500.00', 6),
(19951, 14188, '-561365.00', 6),
(19952, 14189, '2012500.00', 6),
(19953, 14190, '200000.00', 0),
(19954, 14191, '3333.33', 1),
(19955, 14191, '3333.33', 2),
(19956, 14191, '3333.33', 3),
(19957, 14191, '3333.33', 4),
(19958, 14191, '3333.33', 5),
(19959, 14191, '3333.33', 6),
(19960, 14192, '180000.02', 6),
(19961, 14193, '25000.00', 1),
(19962, 14193, '25000.00', 2),
(19963, 14193, '25000.00', 3),
(19964, 14193, '25000.00', 4),
(19965, 14194, '50000.00', 1),
(19966, 14194, '50000.00', 2),
(19967, 14194, '50000.00', 3),
(19968, 14195, '6810200.00', 0),
(19969, 14196, '122583.60', 1),
(19970, 14197, '1657263.68', 1),
(19971, 14198, '-122583.60', 1),
(19972, 14196, '92752.85', 2),
(19973, 14197, '1687094.43', 2),
(19974, 14199, '-92752.85', 2),
(19975, 14196, '62385.15', 3),
(19976, 14197, '1717462.13', 3),
(19977, 14200, '-62385.15', 3),
(19978, 14196, '31470.84', 4),
(19979, 14197, '1748376.44', 4),
(19980, 14201, '-31470.84', 4),
(19981, 14202, '6645200.00', 1),
(19982, 14203, '11250000.00', 1),
(19983, 14204, '-6645200.00', 1),
(19984, 14205, '11250000.00', 1),
(19985, 14206, '6645200.00', 2),
(19986, 14207, '11250000.00', 2),
(19987, 14208, '-6645200.00', 2),
(19988, 14209, '11250000.00', 2),
(19989, 14210, '6645200.00', 3),
(19990, 14211, '11250000.00', 3),
(19991, 14212, '-6645200.00', 3),
(19992, 14213, '11250000.00', 3),
(19993, 14214, '6645200.00', 4),
(19994, 14215, '11250000.00', 4),
(19995, 14216, '-6645200.00', 4),
(19996, 14217, '11250000.00', 4),
(19997, 14218, '6645200.00', 5),
(19998, 14219, '11250000.00', 5),
(19999, 14220, '-6645200.00', 5),
(20000, 14221, '11250000.00', 5),
(20001, 14222, '6645200.00', 6),
(20002, 14223, '11250000.00', 6),
(20003, 14224, '-6645200.00', 6),
(20004, 14225, '11250000.00', 6),
(20086, 14310, '25000.00', 1),
(20087, 14310, '25000.00', 2),
(20088, 14310, '25000.00', 3),
(20089, 14310, '25000.00', 4),
(20090, 14311, '50000.00', 1),
(20091, 14311, '50000.00', 2),
(20092, 14311, '50000.00', 3),
(20093, 14312, '100000.00', 0),
(20094, 14313, '1800.00', 1),
(20095, 14314, '24335.02', 1),
(20096, 14315, '-1800.00', 1),
(20097, 14313, '1361.97', 2),
(20098, 14314, '24773.05', 2),
(20099, 14316, '-1361.97', 2),
(20100, 14313, '916.05', 3),
(20101, 14314, '25218.97', 3),
(20102, 14317, '-916.05', 3),
(20103, 14313, '462.11', 4),
(20104, 14314, '25672.91', 4),
(20105, 14318, '-462.11', 4),
(20106, 14319, '2401950.00', 1),
(20107, 14320, '2250000.00', 1),
(20108, 14321, '-1441170.00', 1),
(20109, 14322, '2250000.00', 1),
(20110, 14323, '2401950.00', 2),
(20111, 14324, '2437500.00', 2),
(20112, 14325, '-1561267.50', 2),
(20113, 14326, '2437500.00', 2),
(20114, 14327, '2401950.00', 3),
(20115, 14328, '2625000.00', 3),
(20116, 14329, '-1681365.00', 3),
(20117, 14330, '2625000.00', 3),
(20118, 14331, '2401950.00', 4),
(20119, 14332, '2812500.00', 4),
(20120, 14333, '-1801462.50', 4),
(20121, 14334, '2812500.00', 4),
(20122, 14335, '2401950.00', 5),
(20123, 14336, '3000000.00', 5),
(20124, 14337, '-1921560.00', 5),
(20125, 14338, '3000000.00', 5),
(20126, 14339, '2401950.00', 6),
(20127, 14340, '3187500.00', 6),
(20128, 14341, '-2041657.50', 6),
(20129, 14342, '3187500.00', 6),
(20766, 14834, '100000.00', 0),
(20767, 14835, '-1666.66', 1),
(20768, 14835, '-1666.66', 2),
(20769, 14835, '-1666.66', 3),
(20770, 14835, '-1666.66', 4),
(20771, 14835, '-1666.66', 5),
(20772, 14835, '-1666.66', 6),
(20773, 14836, '90000.04', 6),
(20774, 14837, '50000.00', 1),
(20775, 14837, '50000.00', 2),
(20776, 14837, '50000.00', 3),
(20777, 14838, '2500000.00', 0),
(20778, 14839, '45000.00', 1),
(20779, 14840, '608375.56', 1),
(20780, 14841, '-45000.00', 1),
(20781, 14839, '34049.24', 2),
(20782, 14840, '619326.32', 2),
(20783, 14842, '-34049.24', 2),
(20784, 14839, '22901.37', 3),
(20785, 14840, '630474.19', 3),
(20786, 14843, '-22901.37', 3),
(20787, 14839, '11552.83', 4),
(20788, 14840, '641822.73', 4),
(20789, 14844, '-11552.83', 4),
(20790, 14845, '4352200.00', 1),
(20791, 14846, '3300000.00', 1),
(20792, 14847, '-2393710.00', 1),
(20793, 14848, '3300000.00', 1),
(20794, 14849, '4352200.00', 2),
(20795, 14850, '4875000.00', 2),
(20796, 14851, '-3264150.00', 2),
(20797, 14852, '4875000.00', 2),
(20798, 14853, '4352200.00', 3),
(20799, 14854, '5440000.00', 3),
(20800, 14855, '-3481760.00', 3),
(20801, 14856, '5440000.00', 3),
(20802, 14857, '4352200.00', 4),
(20803, 14858, '6300000.00', 4),
(20804, 14859, '-3916980.00', 4),
(20805, 14860, '6300000.00', 4),
(20806, 14861, '4352200.00', 5),
(20807, 14862, '9600000.00', 5),
(20808, 14863, '-5222640.00', 5),
(20809, 14864, '9600000.00', 5),
(20810, 14865, '4352200.00', 6),
(20811, 14866, '10660000.00', 6),
(20812, 14867, '-5657860.00', 6),
(20813, 14868, '10660000.00', 6),
(21244, 15110, '100000.00', 0),
(21245, 15111, '-1666.66', 1),
(21246, 15111, '-1666.66', 2),
(21247, 15111, '-1666.66', 3),
(21248, 15111, '-1666.66', 4),
(21249, 15111, '-1666.66', 5),
(21250, 15111, '-1666.66', 6),
(21251, 15112, '90000.04', 6),
(21252, 15113, '25000.00', 1),
(21253, 15113, '25000.00', 2),
(21254, 15113, '25000.00', 3),
(21255, 15113, '25000.00', 4),
(21256, 15114, '50000.00', 1),
(21257, 15114, '50000.00', 2),
(21258, 15114, '50000.00', 3),
(21259, 15115, '200000.00', 0),
(21260, 15116, '3600.00', 1),
(21261, 15117, '48670.04', 1),
(21262, 15118, '-3600.00', 1),
(21263, 15116, '2723.94', 2),
(21264, 15117, '49546.10', 2),
(21265, 15119, '-2723.94', 2),
(21266, 15116, '1832.11', 3),
(21267, 15117, '50437.93', 3),
(21268, 15120, '-1832.11', 3),
(21269, 15116, '924.23', 4),
(21270, 15117, '51345.81', 4),
(21271, 15121, '-924.23', 4),
(21272, 15122, '4627200.00', 1),
(21273, 15123, '7000000.00', 1),
(21274, 15124, '-4627200.00', 1),
(21275, 15125, '7000000.00', 1),
(21276, 15126, '4627200.00', 2),
(21277, 15127, '7000000.00', 2),
(21278, 15128, '-4627200.00', 2),
(21279, 15129, '7000000.00', 2),
(21280, 15130, '4627200.00', 3),
(21281, 15131, '7000000.00', 3),
(21282, 15132, '-4627200.00', 3),
(21283, 15133, '7000000.00', 3),
(21284, 15134, '4627200.00', 4),
(21285, 15135, '7000000.00', 4),
(21286, 15136, '-4627200.00', 4),
(21287, 15137, '7000000.00', 4),
(21288, 15138, '4627200.00', 5),
(21289, 15139, '7000000.00', 5),
(21290, 15140, '-4627200.00', 5),
(21291, 15141, '7000000.00', 5),
(21292, 15142, '4627200.00', 6),
(21293, 15143, '7000000.00', 6),
(21294, 15144, '-4627200.00', 6),
(21295, 15145, '7000000.00', 6);

--
-- Dumping data for table `curso`
--

INSERT INTO `curso` (`id`, `nombre`, `clave`) VALUES
(4, 'K5052', 'VVRO'),
(5, 'K5152', 'VVRO'),
(6, 'DEMO', 'ZGVtbw==');


--
-- Dumping data for table `curso_escenario`
--

INSERT INTO `curso_escenario` (`id`, `curso_id`, `escenario_id`, `abierto`) VALUES
(30, 6, 36, 1),
(31, 4, 37, 1);


--
-- Dumping data for table `decision`
--

INSERT INTO `decision` (`id`, `escenario_id`, `descripcion`) VALUES
(63, 34, 'Su produccion actual es de 5,000 unidades. Desea invertir en maquinaria para aumentar la producción?'),
(64, 34, 'Cuánto y donde desea invertir en publicidad? Todos los metodos de publicidad se pagan en 4 cuotas'),
(65, 34, 'En cuanto a la situacion de sus vendedores. Ustede decide:'),
(69, 36, 'Su produccion actual es de 5,000 unidades. Desea invertir en maquinaria para aumentar la producción?'),
(70, 36, 'Cuánto y donde desea invertir en publicidad? Todos los metodos de publicidad se pagan en 4 cuotas'),
(71, 36, 'En cuanto a la situacion de sus vendedores. Ustede decide:'),
(72, 37, 'Su produccion actual es de 5,000 unidades. Desea invertir en maquinaria para aumentar la producción?'),
(73, 37, 'Cuánto y donde desea invertir en publicidad? Todos los metodos de publicidad se pagan en 4 cuotas'),
(74, 37, 'En cuanto a la situacion de sus vendedores. Ustede decide:');


--
-- Dumping data for table `empresa_competidora`
--

INSERT INTO `empresa_competidora` (`id`, `escenario_id`, `nombre`, `bajo`, `medio`, `alto`) VALUES
(94, 34, 'Empresa 0', 500, 250, 250),
(95, 34, 'Empresa 1', 0, 0, 0),
(96, 34, 'Empresa 2', 0, 0, 0),
(97, 36, 'Empresa 0', 0, 0, 0),
(98, 36, 'Empresa 1', 0, 0, 0),
(99, 36, 'Empresa 2', 0, 0, 0),
(100, 37, 'Empresa 0', 500, 250, 250),
(101, 37, 'Empresa 1', 0, 0, 0),
(102, 37, 'Empresa 2', 0, 0, 0);


--
-- Dumping data for table `escenario`
--


--
-- Dumping data for table `estado`
--

INSERT INTO `estado` (`id`, `proyecto_id`, `costo_fijo`, `costo_variable`, `caja`, `ventas`, `capital_social`, `demanda_potencial`, `stock`, `produccion_mensual`, `calidad`, `cantidad_vendedores`, `publicidad`, `es_forecast`, `activo`, `periodo`, `inventario`) VALUES
(1499, 167, '566200.00', '3.60', '250000.00', NULL, '100000.00', NULL, 0, 5000, 1, 5, '0.00', 0, 1, 0, '0.00'),
(1556, 167, '316200.00', '92.15', '250000.00', NULL, '100000.00', NULL, 0, 15000, 6, 0, '0.00', 1, 0, 0, '0.00'),
(1557, 167, '316200.00', '92.15', '401550.00', '1900000.00', '100000.00', '1900000.00', 5000, 15000, 6, 0, '0.00', 1, 0, 1, '566150.00'),
(1558, 167, '316200.00', '92.15', '553100.00', '1900000.00', '100000.00', '1900000.00', 10000, 15000, 6, 0, '0.00', 1, 0, 2, '1132300.00'),
(1559, 167, '316200.00', '92.15', '704650.00', '1900000.00', '100000.00', '1900000.00', 15000, 15000, 6, 0, '0.00', 1, 0, 3, '1698450.00'),
(1560, 167, '316200.00', '92.15', '906200.00', '1900000.00', '100000.00', '1900000.00', 20000, 15000, 6, 0, '0.00', 1, 0, 4, '2264600.00'),
(1561, 167, '316200.00', '92.15', '1107750.00', '1900000.00', '100000.00', '1900000.00', 25000, 15000, 6, 0, '0.00', 1, 0, 5, '2830750.00'),
(1562, 167, '316200.00', '92.15', '1309300.00', '1900000.00', '100000.00', '1900000.00', 30000, 15000, 6, 0, '0.00', 1, 1, 6, '3396900.00'),
(1563, 168, '566200.00', '3.60', '250000.00', NULL, '100000.00', NULL, 0, 5000, 1, 5, '0.00', 0, 1, 0, '0.00'),
(1564, 169, '566200.00', '3.60', '250000.00', NULL, '100000.00', NULL, 0, 5000, 1, 5, '0.00', 0, 1, 0, '0.00'),
(2251, 170, '566200.00', '3.60', '250000.00', NULL, '100000.00', NULL, 0, 5000, 1, 5, '0.00', 0, 1, 0, '0.00'),
(2252, 171, '566200.00', '3.60', '250000.00', NULL, '100000.00', NULL, 0, 5000, 1, 5, '0.00', 0, 1, 0, '0.00'),
(2253, 172, '566200.00', '3.60', '250000.00', NULL, '100000.00', NULL, 0, 5000, 1, 5, '0.00', 0, 1, 0, '0.00'),
(2254, 173, '566200.00', '3.60', '250000.00', NULL, '100000.00', NULL, 0, 5000, 1, 5, '0.00', 0, 1, 0, '0.00'),
(2255, 174, '566200.00', '3.60', '250000.00', NULL, '100000.00', NULL, 0, 5000, 1, 5, '0.00', 0, 1, 0, '0.00'),
(2256, 175, '566200.00', '3.60', '250000.00', NULL, '100000.00', NULL, 0, 5000, 1, 5, '0.00', 0, 1, 0, '0.00'),
(2257, 176, '566200.00', '3.60', '250000.00', NULL, '100000.00', NULL, 0, 5000, 1, 5, '0.00', 0, 1, 0, '0.00'),
(2258, 177, '566200.00', '3.60', '250000.00', NULL, '100000.00', NULL, 0, 5000, 1, 5, '0.00', 0, 1, 0, '0.00'),
(2259, 178, '566200.00', '3.60', '250000.00', NULL, '100000.00', NULL, 0, 5000, 1, 5, '0.00', 0, 1, 0, '0.00'),
(2260, 179, '566200.00', '3.60', '250000.00', NULL, '100000.00', NULL, 0, 5000, 1, 5, '0.00', 0, 1, 0, '0.00'),
(2261, 180, '566200.00', '3.60', '250000.00', NULL, '100000.00', NULL, 0, 5000, 1, 5, '0.00', 0, 1, 0, '0.00'),
(2374, 173, '591200.00', '92.15', '450000.00', NULL, '100000.00', NULL, 0, 10000, 6, 5, '5.00', 1, 0, 0, '0.00'),
(2375, 173, '591200.00', '92.15', '1510029.96', '3375000.00', '100000.00', '3375000.00', 2500, 10000, 6, 5, '5.00', 1, 0, 1, '378175.00'),
(2376, 173, '591200.00', '92.15', '3425059.92', '3600000.00', '100000.00', '3600000.00', 4500, 10000, 6, 5, '5.00', 1, 0, 2, '680715.00'),
(2377, 173, '591200.00', '92.15', '6105089.88', '4500000.00', '100000.00', '4500000.00', 4500, 10000, 6, 5, '5.00', 1, 0, 3, '680715.00'),
(2378, 173, '591200.00', '92.15', '9375119.84', '4950000.00', '100000.00', '4950000.00', 3500, 10000, 6, 5, '5.00', 1, 0, 4, '529445.00'),
(2379, 173, '591200.00', '92.15', '12992419.84', '5175000.00', '100000.00', '5175000.00', 2000, 10000, 6, 5, '5.00', 1, 0, 5, '302540.00'),
(2380, 173, '591200.00', '92.15', '16834719.84', '5400000.00', '100000.00', '5400000.00', 0, 10000, 6, 5, '5.00', 1, 1, 6, '0.00'),
(2388, 180, '341200.00', '92.15', '250000.00', NULL, '100000.00', NULL, 0, 5000, 6, 0, '5.00', 1, 0, 0, '0.00'),
(2389, 180, '341200.00', '92.15', '1119550.00', '1746500.00', '100000.00', '1746500.00', 1500, 5000, 6, 0, '5.00', 1, 0, 1, '240585.00'),
(2390, 180, '341200.00', '92.15', '2238600.00', '1996000.00', '100000.00', '1996000.00', 2500, 5000, 6, 0, '5.00', 1, 0, 2, '400975.00'),
(2391, 180, '341200.00', '92.15', '3607150.00', '2245500.00', '100000.00', '2245500.00', 3000, 5000, 6, 0, '5.00', 1, 0, 3, '481170.00'),
(2392, 180, '341200.00', '92.15', '5524700.00', '2744500.00', '100000.00', '2744500.00', 2500, 5000, 6, 0, '5.00', 1, 0, 4, '400975.00'),
(2393, 180, '341200.00', '92.15', '7716750.00', '2994000.00', '100000.00', '2994000.00', 1500, 5000, 6, 0, '5.00', 1, 0, 5, '240585.00'),
(2394, 180, '341200.00', '92.15', '10158300.00', '3243500.00', '100000.00', '3243500.00', 0, 5000, 6, 0, '5.00', 1, 1, 6, '0.00'),
(2416, 181, '566200.00', '3.60', '250000.00', NULL, '100000.00', NULL, 0, 5000, 1, 5, '0.00', 0, 1, 0, '0.00'),
(2641, 169, '566200.00', '83.60', '350000.00', NULL, '100000.00', NULL, 0, 10000, 3, 5, '0.00', 1, 0, 0, '0.00'),
(2642, 169, '566200.00', '83.60', '5263394.36', '8000000.00', '100000.00', '8000000.00', 0, 10000, 3, 5, '0.00', 1, 0, 1, '0.00'),
(2643, 169, '566200.00', '83.60', '10976788.72', '8000000.00', '100000.00', '8000000.00', 0, 10000, 3, 5, '0.00', 1, 0, 2, '0.00'),
(2644, 169, '566200.00', '83.60', '17490183.08', '8000000.00', '100000.00', '8000000.00', 0, 10000, 3, 5, '0.00', 1, 0, 3, '0.00'),
(2645, 169, '566200.00', '83.60', '24087983.08', '8000000.00', '100000.00', '8000000.00', 0, 10000, 3, 5, '0.00', 1, 0, 4, '0.00'),
(2646, 169, '566200.00', '83.60', '30685783.08', '8000000.00', '100000.00', '8000000.00', 0, 10000, 3, 5, '0.00', 1, 0, 5, '0.00'),
(2647, 169, '566200.00', '83.60', '37283583.08', '8000000.00', '100000.00', '8000000.00', 0, 10000, 3, 5, '0.00', 1, 1, 6, '0.00'),
(2648, 182, '566200.00', '3.60', '250000.00', NULL, '100000.00', NULL, 0, 5000, 1, 5, '0.00', 0, 1, 0, '0.00'),
(2719, 175, '591200.00', '92.15', '250000.00', NULL, '100000.00', NULL, 0, 5000, 6, 5, '5.00', 1, 0, 0, '0.00'),
(2720, 175, '591200.00', '92.15', '1523050.00', '2400000.00', '100000.00', '2400000.00', 1000, 5000, 6, 5, '5.00', 1, 0, 1, '210390.00'),
(2721, 175, '591200.00', '92.15', '3696100.00', '3300000.00', '100000.00', '3300000.00', 500, 5000, 6, 5, '5.00', 1, 0, 2, '105195.00'),
(2722, 175, '591200.00', '92.15', '6144150.00', '3575000.00', '100000.00', '3575000.00', 0, 5000, 6, 5, '5.00', 1, 0, 3, '0.00'),
(2723, 175, '591200.00', '92.15', '8317200.00', '3250000.00', '100000.00', '3250000.00', 0, 5000, 6, 5, '5.00', 1, 0, 4, '0.00'),
(2724, 175, '591200.00', '92.15', '11015250.00', '3750000.00', '100000.00', '3750000.00', 0, 5000, 6, 5, '5.00', 1, 0, 5, '0.00'),
(2725, 175, '591200.00', '92.15', '13963300.00', '4000000.00', '100000.00', '4000000.00', 0, 5000, 6, 5, '5.00', 1, 1, 6, '0.00'),
(3055, 176, '341200.00', '403.60', '250000.00', NULL, '100000.00', NULL, 0, 5000, 10, 0, '5.00', 1, 0, 0, '0.00'),
(3056, 176, '341200.00', '403.60', '665800.00', '2850000.00', '100000.00', '2850000.00', 1200, 5000, 10, 0, '5.00', 1, 0, 1, '566208.00'),
(3057, 176, '341200.00', '403.60', '1831600.00', '3600000.00', '100000.00', '3600000.00', 1400, 5000, 10, 0, '5.00', 1, 0, 2, '660576.00'),
(3058, 176, '341200.00', '403.60', '3147400.00', '3750000.00', '100000.00', '3750000.00', 1400, 5000, 10, 0, '5.00', 1, 0, 3, '660576.00'),
(3059, 176, '341200.00', '403.60', '4513200.00', '3750000.00', '100000.00', '3750000.00', 1400, 5000, 10, 0, '5.00', 1, 0, 4, '660576.00'),
(3060, 176, '341200.00', '403.60', '5904000.00', '3750000.00', '100000.00', '3750000.00', 1400, 5000, 10, 0, '5.00', 1, 0, 5, '660576.00'),
(3061, 176, '341200.00', '403.60', '7294800.00', '3750000.00', '100000.00', '3750000.00', 1400, 5000, 10, 0, '5.00', 1, 1, 6, '660576.00'),
(3097, 181, '341200.00', '403.60', '750000.00', NULL, '100000.00', NULL, 0, 5000, 10, 0, '5.00', 1, 0, 0, '0.00'),
(3098, 181, '341200.00', '403.60', '96124.89', '2730000.00', '100000.00', '2730000.00', 1100, 5000, 10, 0, '5.00', 1, 0, 1, '519024.00'),
(3099, 181, '341200.00', '403.60', '512409.78', '3088800.00', '100000.00', '3088800.00', 1810, 5000, 10, 0, '5.00', 1, 0, 2, '854030.40'),
(3100, 181, '341200.00', '403.60', '1464174.67', '3700000.00', '100000.00', '3700000.00', 1810, 5000, 10, 0, '5.00', 1, 0, 3, '854030.40'),
(3101, 181, '341200.00', '403.60', '2684299.56', '3750000.00', '100000.00', '3750000.00', 1810, 5000, 10, 0, '5.00', 1, 0, 4, '854030.40'),
(3102, 181, '341200.00', '403.60', '4180099.56', '3900000.00', '100000.00', '3900000.00', 1810, 5000, 10, 0, '5.00', 1, 0, 5, '854030.40'),
(3103, 181, '341200.00', '403.60', '5790899.56', '4000000.00', '100000.00', '4000000.00', 1810, 5000, 10, 0, '5.00', 1, 1, 6, '854030.40'),
(3258, 170, '341200.00', '92.15', '510000.00', NULL, '100000.00', NULL, 0, 5000, 6, 0, '5.00', 1, 0, 0, '0.00'),
(3259, 170, '341200.00', '92.15', '203595.33', '660000.00', '100000.00', '660000.00', 3800, 5000, 6, 0, '5.00', 1, 0, 1, '609482.00'),
(3260, 170, '341200.00', '92.15', '407190.66', '1170000.00', '100000.00', '1170000.00', 6850, 5000, 6, 0, '5.00', 1, 0, 2, '1098671.50'),
(3261, 170, '341200.00', '92.15', '940785.99', '1500000.00', '100000.00', '1500000.00', 9350, 5000, 6, 0, '5.00', 1, 0, 3, '1499646.50'),
(3262, 170, '341200.00', '92.15', '1953835.99', '1840000.00', '100000.00', '1840000.00', 11150, 5000, 6, 0, '5.00', 1, 0, 4, '1788348.50'),
(3263, 170, '341200.00', '92.15', '3164385.99', '2012500.00', '100000.00', '2012500.00', 12650, 5000, 6, 0, '5.00', 1, 0, 5, '2028933.50'),
(3264, 170, '341200.00', '92.15', '4374935.99', '2012500.00', '100000.00', '2012500.00', 14150, 5000, 6, 0, '5.00', 1, 1, 6, '2269518.50'),
(3265, 183, '566200.00', '3.60', '250000.00', NULL, '100000.00', NULL, 0, 5000, 1, 5, '0.00', 0, 1, 0, '0.00'),
(3266, 182, '591200.00', '403.60', '7060200.00', NULL, '100000.00', NULL, 0, 15000, 10, 5, '0.00', 1, 0, 0, '0.00'),
(3267, 182, '591200.00', '403.60', '9810152.72', '11250000.00', '100000.00', '11250000.00', 0, 15000, 10, 5, '0.00', 1, 0, 1, '0.00'),
(3268, 182, '591200.00', '403.60', '12560105.44', '11250000.00', '100000.00', '11250000.00', 0, 15000, 10, 5, '0.00', 1, 0, 2, '0.00'),
(3269, 182, '591200.00', '403.60', '15310058.16', '11250000.00', '100000.00', '11250000.00', 0, 15000, 10, 5, '0.00', 1, 0, 3, '0.00'),
(3270, 182, '591200.00', '403.60', '18110010.88', '11250000.00', '100000.00', '11250000.00', 0, 15000, 10, 5, '0.00', 1, 0, 4, '0.00'),
(3271, 182, '591200.00', '403.60', '22714810.88', '11250000.00', '100000.00', '11250000.00', 0, 15000, 10, 5, '0.00', 1, 0, 5, '0.00'),
(3272, 182, '591200.00', '403.60', '27319610.88', '11250000.00', '100000.00', '11250000.00', 0, 15000, 10, 5, '0.00', 1, 1, 6, '0.00'),
(3273, 184, '566200.00', '3.60', '250000.00', NULL, '100000.00', NULL, 0, 5000, 1, 5, '0.00', 0, 1, 0, '0.00'),
(3295, 171, '341200.00', '412.15', '350000.00', NULL, '100000.00', NULL, 0, 5000, 11, 0, '5.00', 1, 0, 0, '0.00'),
(3296, 171, '341200.00', '412.15', '96914.98', '2250000.00', '100000.00', '2250000.00', 2000, 5000, 11, 0, '5.00', 1, 0, 1, '960780.00'),
(3297, 171, '341200.00', '412.15', '31329.96', '2437500.00', '100000.00', '2437500.00', 3750, 5000, 11, 0, '5.00', 1, 0, 2, '1801462.50'),
(3298, 171, '341200.00', '412.15', '153244.94', '2625000.00', '100000.00', '2625000.00', 5250, 5000, 11, 0, '5.00', 1, 0, 3, '2522047.50'),
(3299, 171, '341200.00', '412.15', '512659.92', '2812500.00', '100000.00', '2812500.00', 6500, 5000, 11, 0, '5.00', 1, 0, 4, '3122535.00'),
(3300, 171, '341200.00', '412.15', '1110709.92', '3000000.00', '100000.00', '3000000.00', 7500, 5000, 11, 0, '5.00', 1, 0, 5, '3602925.00'),
(3301, 171, '341200.00', '412.15', '1896259.92', '3187500.00', '100000.00', '3187500.00', 8250, 5000, 11, 0, '5.00', 1, 1, 6, '3963217.50'),
(3400, 184, '316200.00', '403.60', '2750000.00', NULL, '100000.00', NULL, 0, 10000, 10, 0, '0.00', 1, 0, 0, '0.00'),
(3401, 184, '316200.00', '403.60', '994424.44', '3300000.00', '100000.00', '3300000.00', 4500, 10000, 10, 0, '0.00', 1, 0, 1, '1958490.00'),
(3402, 184, '316200.00', '403.60', '813848.88', '4875000.00', '100000.00', '4875000.00', 7000, 10000, 10, 0, '0.00', 1, 0, 2, '3046540.00'),
(3403, 184, '316200.00', '403.60', '1198273.32', '5440000.00', '100000.00', '5440000.00', 9000, 10000, 10, 0, '0.00', 1, 0, 3, '3916980.00'),
(3404, 184, '316200.00', '403.60', '2492697.76', '6300000.00', '100000.00', '6300000.00', 10000, 10000, 10, 0, '0.00', 1, 0, 4, '4352200.00'),
(3405, 184, '316200.00', '403.60', '7740497.76', '9600000.00', '100000.00', '9600000.00', 8000, 10000, 10, 0, '0.00', 1, 0, 5, '3481760.00'),
(3406, 184, '316200.00', '403.60', '14048297.76', '10660000.00', '100000.00', '10660000.00', 5000, 10000, 10, 0, '0.00', 1, 1, 6, '2176100.00'),
(3420, 185, '566200.00', '3.60', '250000.00', NULL, '100000.00', NULL, 0, 5000, 1, 5, '0.00', 0, 1, 0, '0.00'),
(3428, 185, '591200.00', '403.60', '450000.00', NULL, '100000.00', NULL, 0, 10000, 10, 5, '5.00', 1, 0, 0, '0.00'),
(3429, 185, '591200.00', '403.60', '2695529.96', '7000000.00', '100000.00', '7000000.00', 0, 10000, 10, 5, '5.00', 1, 0, 1, '0.00'),
(3430, 185, '591200.00', '403.60', '4941059.92', '7000000.00', '100000.00', '7000000.00', 0, 10000, 10, 5, '5.00', 1, 0, 2, '0.00'),
(3431, 185, '591200.00', '403.60', '7186589.88', '7000000.00', '100000.00', '7000000.00', 0, 10000, 10, 5, '5.00', 1, 0, 3, '0.00'),
(3432, 185, '591200.00', '403.60', '9482119.84', '7000000.00', '100000.00', '7000000.00', 0, 10000, 10, 5, '5.00', 1, 0, 4, '0.00'),
(3433, 185, '591200.00', '403.60', '11854919.84', '7000000.00', '100000.00', '7000000.00', 0, 10000, 10, 5, '5.00', 1, 0, 5, '0.00'),
(3434, 185, '591200.00', '403.60', '14227719.84', '7000000.00', '100000.00', '7000000.00', 0, 10000, 10, 5, '5.00', 1, 1, 6, '0.00');

-- --------------------------------------------------------



-- --------------------------------------------------------

--
-- Dumping data for table `forecast`
--

INSERT INTO `forecast` (`id`, `proyecto_id`, `periodo`, `cantidad_unidades`, `precio`) VALUES
(1334, 167, 0, 0, '0.00'),
(1335, 167, 1, 10000, '190.00'),
(1336, 167, 2, 10000, '190.00'),
(1337, 167, 3, 10000, '190.00'),
(1338, 167, 4, 10000, '190.00'),
(1339, 167, 5, 10000, '190.00'),
(1340, 167, 6, 10000, '190.00'),
(2139, 173, 0, 0, '0.00'),
(2140, 173, 1, 7500, '450.00'),
(2141, 173, 2, 8000, '450.00'),
(2142, 173, 3, 10000, '450.00'),
(2143, 173, 4, 11000, '450.00'),
(2144, 173, 5, 11500, '450.00'),
(2145, 173, 6, 12000, '450.00'),
(2153, 180, 0, 0, '0.00'),
(2154, 180, 1, 3500, '499.00'),
(2155, 180, 2, 4000, '499.00'),
(2156, 180, 3, 4500, '499.00'),
(2157, 180, 4, 5500, '499.00'),
(2158, 180, 5, 6000, '499.00'),
(2159, 180, 6, 6500, '499.00'),
(2405, 169, 0, 0, '0.00'),
(2406, 169, 1, 10000, '800.00'),
(2407, 169, 2, 10000, '800.00'),
(2408, 169, 3, 10000, '800.00'),
(2409, 169, 4, 10000, '800.00'),
(2410, 169, 5, 10000, '800.00'),
(2411, 169, 6, 10000, '800.00'),
(2482, 175, 0, 0, '0.00'),
(2483, 175, 1, 4000, '600.00'),
(2484, 175, 2, 5500, '600.00'),
(2485, 175, 3, 5500, '650.00'),
(2486, 175, 4, 5000, '650.00'),
(2487, 175, 5, 5000, '750.00'),
(2488, 175, 6, 5000, '800.00'),
(2818, 176, 0, 0, '0.00'),
(2819, 176, 1, 3800, '750.00'),
(2820, 176, 2, 4800, '750.00'),
(2821, 176, 3, 5000, '750.00'),
(2822, 176, 4, 5000, '750.00'),
(2823, 176, 5, 5000, '750.00'),
(2824, 176, 6, 5000, '750.00'),
(2860, 181, 0, 0, '0.00'),
(2861, 181, 1, 3900, '700.00'),
(2862, 181, 2, 4290, '720.00'),
(2863, 181, 3, 5000, '740.00'),
(2864, 181, 4, 5000, '750.00'),
(2865, 181, 5, 5000, '780.00'),
(2866, 181, 6, 5000, '800.00'),
(3021, 170, 0, 0, '0.00'),
(3022, 170, 1, 1200, '550.00'),
(3023, 170, 2, 1950, '600.00'),
(3024, 170, 3, 2500, '600.00'),
(3025, 170, 4, 3200, '575.00'),
(3026, 170, 5, 3500, '575.00'),
(3027, 170, 6, 3500, '575.00'),
(3028, 182, 0, 0, '0.00'),
(3029, 182, 1, 15000, '750.00'),
(3030, 182, 2, 15000, '750.00'),
(3031, 182, 3, 15000, '750.00'),
(3032, 182, 4, 15000, '750.00'),
(3033, 182, 5, 15000, '750.00'),
(3034, 182, 6, 15000, '750.00'),
(3056, 171, 0, 0, '0.00'),
(3057, 171, 1, 3000, '750.00'),
(3058, 171, 2, 3250, '750.00'),
(3059, 171, 3, 3500, '750.00'),
(3060, 171, 4, 3750, '750.00'),
(3061, 171, 5, 4000, '750.00'),
(3062, 171, 6, 4250, '750.00'),
(3161, 184, 0, 0, '0.00'),
(3162, 184, 1, 5500, '600.00'),
(3163, 184, 2, 7500, '650.00'),
(3164, 184, 3, 8000, '680.00'),
(3165, 184, 4, 9000, '700.00'),
(3166, 184, 5, 12000, '800.00'),
(3167, 184, 6, 13000, '820.00'),
(3175, 185, 0, 0, '0.00'),
(3176, 185, 1, 10000, '700.00'),
(3177, 185, 2, 10000, '700.00'),
(3178, 185, 3, 10000, '700.00'),
(3179, 185, 4, 10000, '700.00'),
(3180, 185, 5, 10000, '700.00'),
(3181, 185, 6, 10000, '700.00');


--
-- Dumping data for table `mercado_periodo`
--

INSERT INTO `mercado_periodo` (`id`, `escenario_id`, `periodo`, `bajo`, `medio`, `alto`) VALUES
(137, 34, 1, 2600, 7800, 7800),
(138, 34, 2, 2600, 7800, 7800),
(139, 34, 3, 2600, 7800, 7800),
(140, 34, 4, 2600, 7800, 7800),
(141, 34, 5, 2600, 7800, 7800),
(142, 34, 6, 2600, 7800, 7800),
(143, 36, 1, 0, 0, 0),
(144, 36, 2, 0, 0, 0),
(145, 36, 3, 0, 0, 0),
(146, 36, 4, 0, 0, 0),
(147, 36, 5, 0, 0, 0),
(148, 36, 6, 0, 0, 0),
(149, 37, 1, 2600, 7800, 7800),
(150, 37, 2, 2600, 7800, 7800),
(151, 37, 3, 2600, 7800, 7800),
(152, 37, 4, 2600, 7800, 7800),
(153, 37, 5, 2600, 7800, 7800),
(154, 37, 6, 2600, 7800, 7800);

-- --------------------------------------------------------

--
-- Dumping data for table `modalidad_cobro`
--

INSERT INTO `modalidad_cobro` (`id`, `proyecto_id`, `porcentaje`, `offset_periodo`) VALUES
(973, 167, '100.00', 0),
(974, 167, '0.00', 1),
(975, 167, '0.00', 2),
(976, 167, '0.00', 3),
(1433, 173, '80.00', 0),
(1434, 173, '20.00', 1),
(1435, 173, '0.00', 2),
(1436, 173, '0.00', 3),
(1441, 180, '100.00', 0),
(1442, 180, '0.00', 1),
(1443, 180, '0.00', 2),
(1444, 180, '0.00', 3),
(1585, 169, '80.00', 0),
(1586, 169, '10.00', 1),
(1587, 169, '10.00', 2),
(1588, 169, '0.00', 3),
(1629, 175, '100.00', 0),
(1630, 175, '0.00', 1),
(1631, 175, '0.00', 2),
(1632, 175, '0.00', 3),
(1821, 176, '100.00', 0),
(1822, 176, '0.00', 1),
(1823, 176, '0.00', 2),
(1824, 176, '0.00', 3),
(1845, 181, '70.00', 0),
(1846, 181, '30.00', 1),
(1847, 181, '0.00', 2),
(1848, 181, '0.00', 3),
(1937, 170, '100.00', 0),
(1938, 170, '0.00', 1),
(1939, 170, '0.00', 2),
(1940, 170, '0.00', 3),
(1941, 182, '100.00', 0),
(1942, 182, '0.00', 1),
(1943, 182, '0.00', 2),
(1944, 182, '0.00', 3),
(1957, 171, '100.00', 0),
(1958, 171, '0.00', 1),
(1959, 171, '0.00', 2),
(1960, 171, '0.00', 3),
(2017, 184, '100.00', 0),
(2018, 184, '0.00', 1),
(2019, 184, '0.00', 2),
(2020, 184, '0.00', 3),
(2025, 185, '100.00', 0),
(2026, 185, '0.00', 1),
(2027, 185, '0.00', 2),
(2028, 185, '0.00', 3);

-- --------------------------------------------------------


--
-- Dumping data for table `modalidad_pago`
--

INSERT INTO `modalidad_pago` (`id`, `proveedor_id`, `porcentaje`, `offset_periodo`) VALUES
(1, 1, '100.00', 0),
(577, 90, '100.00', 0),
(578, 90, '0.00', 1),
(579, 90, '0.00', 2),
(580, 90, '0.00', 3),
(581, 91, '100.00', 0),
(582, 91, '0.00', 1),
(583, 91, '0.00', 2),
(584, 91, '0.00', 3),
(585, 92, '100.00', 0),
(586, 92, '0.00', 1),
(587, 92, '0.00', 2),
(588, 92, '0.00', 3),
(589, 93, '100.00', 0),
(590, 93, '0.00', 1),
(591, 93, '0.00', 2),
(592, 93, '0.00', 3),
(609, 98, '100.00', 0),
(610, 98, '0.00', 1),
(611, 98, '0.00', 2),
(612, 98, '0.00', 3),
(613, 99, '100.00', 0),
(614, 99, '0.00', 1),
(615, 99, '0.00', 2),
(616, 99, '0.00', 3),
(617, 100, '100.00', 0),
(618, 100, '0.00', 1),
(619, 100, '0.00', 2),
(620, 100, '0.00', 3),
(621, 101, '100.00', 0),
(622, 101, '0.00', 1),
(623, 101, '0.00', 2),
(624, 101, '0.00', 3),
(625, 102, '100.00', 0),
(626, 102, '0.00', 1),
(627, 102, '0.00', 2),
(628, 102, '0.00', 3),
(629, 103, '100.00', 0),
(630, 103, '0.00', 1),
(631, 103, '0.00', 2),
(632, 103, '0.00', 3),
(633, 104, '100.00', 0),
(634, 104, '0.00', 1),
(635, 104, '0.00', 2),
(636, 104, '0.00', 3),
(637, 105, '100.00', 0),
(638, 105, '0.00', 1),
(639, 105, '0.00', 2),
(640, 105, '0.00', 3);

-- --------------------------------------------------------

--
-- Dumping data for table `opcion`
--

INSERT INTO `opcion` (`id`, `decision_id`, `descripcion`, `variacion_costo_fijo`, `variacion_costo_variable`, `variacion_produccion`, `variacion_calidad`, `variacion_publicidad`, `variacion_cantidad_vendedores`) VALUES
(188, 63, 'No Invertir', '0.00', '0.00', 0, 0, '0.00', 0),
(189, 63, 'Maquina de $100,000. Aumenta la produccion en 5000 u.', '0.00', '0.00', 5000, 0, '0.00', 0),
(190, 63, 'Maquina de $200,000. Aumenta la produccion en 10000 u.', '0.00', '0.00', 10000, 0, '0.00', 0),
(191, 63, 'Maquina de $400,000. Aumenta la produccion en 20000 u.', '0.00', '0.00', 20000, 0, '0.00', 0),
(192, 64, 'Invertir $100,000 en publicidad en canchas de futbol', '0.00', '0.00', 0, 0, '0.00', 0),
(193, 64, 'Invertir $100,000 en publicidad en canchas de polo', '25000.00', '0.00', 0, 0, '0.00', 0),
(194, 64, 'No invertir', '0.00', '0.00', 0, 0, '0.00', 0),
(195, 64, 'Invertir $100,000 en publicidad en redes sociales', '25000.00', '0.00', 0, 0, '5.00', 0),
(196, 65, 'Suspender a los vendedores actuales. Solo se realizaran ventas online', '-250000.00', '0.00', 0, 0, '0.00', -5),
(197, 65, 'Contratar 5 vendedores extra', '250000.00', '0.00', 0, 0, '0.00', 5),
(198, 65, 'Continuar con los vendedores actuales', '0.00', '0.00', 0, 0, '0.00', 0),
(210, 69, 'No Invertir', '0.00', '0.00', 0, 0, '0.00', 0),
(211, 69, 'Maquina de $100,000. Aumenta la produccion en 5000 u.', '0.00', '0.00', 5000, 0, '0.00', 0),
(212, 69, 'Maquina de $200,000. Aumenta la produccion en 10000 u.', '0.00', '0.00', 10000, 0, '0.00', 0),
(213, 69, 'Maquina de $400,000. Aumenta la produccion en 20000 u.', '0.00', '0.00', 20000, 0, '0.00', 0),
(214, 70, 'Invertir $100,000 en publicidad en canchas de futbol', '0.00', '0.00', 0, 0, '0.00', 0),
(215, 70, 'Invertir $100,000 en publicidad en canchas de polo', '25000.00', '0.00', 0, 0, '0.00', 0),
(216, 70, 'No invertir', '0.00', '0.00', 0, 0, '0.00', 0),
(217, 70, 'Invertir $100,000 en publicidad en redes sociales', '25000.00', '0.00', 0, 0, '5.00', 0),
(218, 71, 'Suspender a los vendedores actuales. Solo se realizaran ventas online', '-250000.00', '0.00', 0, 0, '0.00', -5),
(219, 71, 'Contratar 5 vendedores extra', '250000.00', '0.00', 0, 0, '0.00', 5),
(220, 71, 'Continuar con los vendedores actuales', '0.00', '0.00', 0, 0, '0.00', 0),
(221, 72, 'No Invertir', '0.00', '0.00', 0, 0, '0.00', 0),
(222, 72, 'Maquina de $100,000. Aumenta la produccion en 5000 u.', '0.00', '0.00', 5000, 0, '0.00', 0),
(223, 72, 'Maquina de $200,000. Aumenta la produccion en 10000 u.', '0.00', '0.00', 10000, 0, '0.00', 0),
(224, 72, 'Maquina de $400,000. Aumenta la produccion en 20000 u.', '0.00', '0.00', 20000, 0, '0.00', 0),
(225, 73, 'Invertir $100,000 en publicidad en canchas de futbol', '0.00', '0.00', 0, 0, '0.00', 0),
(226, 73, 'Invertir $100,000 en publicidad en canchas de polo', '25000.00', '0.00', 0, 0, '0.00', 0),
(227, 73, 'No invertir', '0.00', '0.00', 0, 0, '0.00', 0),
(228, 73, 'Invertir $100,000 en publicidad en redes sociales', '25000.00', '0.00', 0, 0, '5.00', 0),
(229, 74, 'Suspender a los vendedores actuales. Solo se realizaran ventas online', '-250000.00', '0.00', 0, 0, '0.00', -5),
(230, 74, 'Contratar 5 vendedores extra', '250000.00', '0.00', 0, 0, '0.00', 5),
(231, 74, 'Continuar con los vendedores actuales', '0.00', '0.00', 0, 0, '0.00', 0);

-- --------------------------------------------------------

--
-- Dumping data for table `opcion_proyecto`
--

INSERT INTO `opcion_proyecto` (`id`, `opcion_id`, `proyecto_id`) VALUES
(644, 190, 167),
(645, 194, 167),
(646, 196, 167),
(989, 222, 173),
(990, 228, 173),
(991, 231, 173),
(995, 221, 180),
(996, 228, 180),
(997, 229, 180),
(1103, 211, 169),
(1104, 216, 169),
(1105, 220, 169),
(1136, 221, 175),
(1137, 228, 175),
(1138, 231, 175),
(1280, 221, 176),
(1281, 228, 176),
(1282, 229, 176),
(1298, 221, 181),
(1299, 228, 181),
(1300, 229, 181),
(1367, 221, 170),
(1368, 228, 170),
(1369, 229, 170),
(1370, 223, 182),
(1371, 226, 182),
(1372, 231, 182),
(1382, 221, 171),
(1383, 228, 171),
(1384, 229, 171),
(1427, 222, 184),
(1428, 227, 184),
(1429, 229, 184),
(1462, 222, 185),
(1463, 228, 185),
(1464, 231, 185);

-- --------------------------------------------------------

-- Dumping data for table `ponderacion_mercado`
--

INSERT INTO `ponderacion_mercado` (`id`, `escenario_id`, `concepto`, `valor`, `bajo`, `medio`, `alto`) VALUES
(497, 34, 'PRECIO_DESDE', '1.00', 100, 0, 0),
(498, 34, 'PRECIO_DESDE', '150.00', 25, 100, 100),
(499, 34, 'PRECIO_DESDE', '200.00', 0, 50, 50),
(500, 34, 'MODALIDAD_DE_COBRO', '0.00', 25, 25, 25),
(501, 34, 'MODALIDAD_DE_COBRO', '1.00', 50, 50, 50),
(502, 34, 'MODALIDAD_DE_COBRO', '2.00', 75, 75, 75),
(503, 34, 'MODALIDAD_DE_COBRO', '3.00', 100, 100, 100),
(504, 34, 'PUBLICIDAD_DESDE', '0.00', 0, 0, 0),
(505, 34, 'PUBLICIDAD_DESDE', '4.00', 50, 50, 50),
(506, 34, 'PUBLICIDAD_DESDE', '9.00', 75, 75, 75),
(507, 34, 'CALIDAD_DESDE', '0.00', 0, 0, 0),
(508, 34, 'CALIDAD_DESDE', '4.00', 25, 50, 50),
(509, 34, 'CALIDAD_DESDE', '9.00', 0, 25, 75),
(510, 34, 'VENDEDORES_DESDE', '0.00', 0, 0, 0),
(511, 34, 'VENDEDORES_DESDE', '4.00', 10, 10, 10),
(512, 34, 'VENDEDORES_DESDE', '9.00', 15, 15, 15),
(513, 36, 'PRECIO_DESDE', '1.00', 0, 0, 0),
(514, 36, 'PRECIO_DESDE', '2.00', 0, 0, 0),
(515, 36, 'PRECIO_DESDE', '3.00', 0, 0, 0),
(516, 36, 'MODALIDAD_DE_COBRO', '0.00', 0, 0, 0),
(517, 36, 'MODALIDAD_DE_COBRO', '1.00', 0, 0, 0),
(518, 36, 'MODALIDAD_DE_COBRO', '2.00', 0, 0, 0),
(519, 36, 'MODALIDAD_DE_COBRO', '3.00', 0, 0, 0),
(520, 36, 'PUBLICIDAD_DESDE', '0.00', 0, 0, 0),
(521, 36, 'PUBLICIDAD_DESDE', '0.00', 0, 0, 0),
(522, 36, 'PUBLICIDAD_DESDE', '0.00', 0, 0, 0),
(523, 36, 'CALIDAD_DESDE', '0.00', 0, 0, 0),
(524, 36, 'CALIDAD_DESDE', '0.00', 0, 0, 0),
(525, 36, 'CALIDAD_DESDE', '0.00', 0, 0, 0),
(526, 36, 'VENDEDORES_DESDE', '0.00', 0, 0, 0),
(527, 36, 'VENDEDORES_DESDE', '0.00', 0, 0, 0),
(528, 36, 'VENDEDORES_DESDE', '0.00', 0, 0, 0),
(529, 37, 'PRECIO_DESDE', '1.00', 100, 0, 0),
(530, 37, 'PRECIO_DESDE', '150.00', 25, 100, 100),
(531, 37, 'PRECIO_DESDE', '550.00', 0, 25, 25),
(532, 37, 'MODALIDAD_DE_COBRO', '0.00', 25, 25, 25),
(533, 37, 'MODALIDAD_DE_COBRO', '1.00', 50, 50, 50),
(534, 37, 'MODALIDAD_DE_COBRO', '2.00', 75, 75, 75),
(535, 37, 'MODALIDAD_DE_COBRO', '3.00', 100, 100, 100),
(536, 37, 'PUBLICIDAD_DESDE', '0.00', 0, 0, 0),
(537, 37, 'PUBLICIDAD_DESDE', '4.00', 50, 50, 50),
(538, 37, 'PUBLICIDAD_DESDE', '9.00', 75, 75, 75),
(539, 37, 'CALIDAD_DESDE', '0.00', 0, 0, 0),
(540, 37, 'CALIDAD_DESDE', '4.00', 25, 50, 50),
(541, 37, 'CALIDAD_DESDE', '50.00', 0, 25, 75),
(542, 37, 'VENDEDORES_DESDE', '0.00', 0, 0, 0),
(543, 37, 'VENDEDORES_DESDE', '4.00', 10, 10, 10),
(544, 37, 'VENDEDORES_DESDE', '9.00', 15, 15, 15);


--
-- Dumping data for table `ponderacion_puntaje`
--

INSERT INTO `ponderacion_puntaje` (`id`, `escenario_id`, `porcentaje_caja`, `porcentaje_ventas`, `porcentaje_renta`, `porcentaje_escenario`) VALUES
(24, 34, '50.00', '50.00', '0.00', '0.00'),
(25, 36, '0.00', '30.00', '70.00', '0.00'),
(26, 37, '50.00', '50.00', '0.00', '0.00');

-- --------------------------------------------------------




-- --------------------------------------------------------



-- --------------------------------------------------------

--
-- Dumping data for table `restriccion_precio`
--

INSERT INTO `restriccion_precio` (`id`, `escenario_id`, `precio_min`, `precio_max`) VALUES
(32, 34, '1.00', '800.00'),
(33, 36, '1.00', '800.00'),
(34, 37, '1.00', '800.00');

-- --------------------------------------------------------


-- Dumping data for table `usuario`
--

INSERT INTO `usuario` (`id`, `mail`, `foto_url`, `nombre_completo`, `rol`, `curso_id`) VALUES
(6, 'coordinador@augure.com.ar', NULL, 'coordinador@augure.com.ar', 'ADMIN', NULL),
(14, 'foo@gmail.com', NULL, 'foo@gmail.com', 'JUGADOR', NULL),
(16, 'ms88217@gmail.com', 'https://lh3.googleusercontent.com/a-/AAuE7mALk7_uduu0ZwNHrAhq2wU4A2LSZlMw9Oeco42oFQ', 'Maxi Santos', 'JUGADOR', NULL),
(19, 'profeaugure@gmail.com', 'https://lh3.googleusercontent.com/a-/AAuE7mA30FIOlndYOAZ3Z1HJTLvcpiZxYSkeb2JellIr', 'profe augure', 'ADMIN', NULL),
(21, 'pepe@gmail.com', NULL, 'pepe@gmail.com', 'JUGADOR', 4),
(22, 'rbautista@est.frba.utn.edu.ar', 'https://lh4.googleusercontent.com/-wAD6dF2xyjQ/AAAAAAAAAAI/AAAAAAAAAAA/AAKWJJMjB1wPk7hAfGbbDtUmEslrvjdzOQ/photo.jpg', 'Rodrigo Bautista', 'JUGADOR', 4),
(23, 'santiago.hgarcia94@gmail.com', 'https://lh3.googleusercontent.com/a-/AAuE7mCgvBK688UVhuKjHhCa0PNYodLAeEgRfb8VrSy3cA', 'Santiago Garcia', 'JUGADOR', 6),
(24, 'jorgelg67@gmail.com', NULL, 'jorgelg67@gmail.com', 'JUGADOR', 4),
(25, 'jgrandoso@frba.utn.edu.ar', 'https://lh3.googleusercontent.com/a-/AOh14GhtJomZ-xjNSBN3zFMPBPiuWL8qxmJyHOwAoUYx', 'Jorge L. Grandoso', 'JUGADOR', 4),
(26, 'jugadornuevo@gmail.com', NULL, 'jugadornuevo@gmail.com', 'JUGADOR', 4),
(27, 'martinsilva.1995@gmail.com', NULL, 'martinsilva.1995@gmail.com', 'JUGADOR', 4),
(28, 'ricky@yopmail.com', NULL, 'ricky@yopmail.com', 'JUGADOR', 4),
(29, 'edubeghe@gmail.com', 'https://lh3.googleusercontent.com/a-/AOh14GiXeDZRTh5MG2N-0960EoF95SwegFBj3UPrQLQuVw', 'Eduardo Beghe', 'JUGADOR', NULL),
(30, 'ayelen.guimarey@gmail.com', 'https://lh3.googleusercontent.com/a-/AOh14GiR9pDGOExjaEDjlA-hRWLS0wekEHr-MJZW3t1Gvw', 'Ayelen Guimarey', 'JUGADOR', 4),
(31, 'mnmallea@gmail.com', NULL, 'mnmallea@gmail.com', 'JUGADOR', 4),
(32, 'migliab@gmail.com', 'https://lh3.googleusercontent.com/a-/AOh14Gh42KeEqunSq8kf8AsAZcWmZLiMbjH8MgfIbBur6A', 'Bruno Migliaccio', 'JUGADOR', 4),
(33, 'collado.jesica@gmail.com', 'https://lh3.googleusercontent.com/a-/AOh14GiMbbR-QGfrKOwd080FN__wiJGAeEMy01oeq_xXhw', 'Jésica Collado', 'JUGADOR', 4),
(34, 'aldos@est.utn.frba.edu.ar', NULL, 'aldos@est.utn.frba.edu.ar', 'JUGADOR', 4),
(35, 'mdpross@hotmail.com', NULL, 'mdpross@hotmail.com', 'JUGADOR', 4),
(36, 'martinpicollo@gmail.com', NULL, 'martinpicollo@gmail.com', 'JUGADOR', 4),
(37, 'eimwinkelried@est.frba.utn.edu.ar', 'https://lh3.googleusercontent.com/a-/AOh14Ggka-jDxEpSFAxjDmVAETY-G5eXmDM-sAKGkjk7', 'Estefanía Mariana Imwinkelried', 'JUGADOR', 4),
(38, 'estefi.imw@gmail.com', 'https://lh3.googleusercontent.com/a-/AOh14GhiVM260lb34dv5sxtjD6TbJFRfYtRtQaZ6FUC4MA', 'Estefi Imwinkelried', 'JUGADOR', 4),
(39, 'matiasnahuelvillanueva@gmail.com', 'https://lh6.googleusercontent.com/-f6bTwjrBtmA/AAAAAAAAAAI/AAAAAAAAAAA/AMZuucmFc-JBsYPB0JOt-RVLYlpV9OpoeA/photo.jpg', 'Matias Villanueva', 'JUGADOR', 4),
(40, 'fegaci@yahoo.com.ar', NULL, 'fegaci@yahoo.com.ar', 'JUGADOR', 4),
(41, 'matiascamerucci@gmail.com', NULL, 'matiascamerucci@gmail.com', 'JUGADOR', 4),
(42, 'estefania.ces@gmail.com', 'https://lh3.googleusercontent.com/a-/AOh14GjvysXTGj80cFBP7Oi8-zUbztBmcl3SK_yOv8kvuho', 'Estefania Sosa', 'JUGADOR', NULL),
(43, 'yamil@est.frba.utn.edu.ar', 'https://lh4.googleusercontent.com/-oRLTrKN-YB0/AAAAAAAAAAI/AAAAAAAAAAA/AMZuucnY0HTx_5k8sMsfxokJdQLrg7AtIg/photo.jpg', 'Yamila Mercedes Casarini Fernandez', 'JUGADOR', 4);

--
-- Dumping data for table `consecuencia`
--

INSERT INTO `consecuencia` (`id`, `opcion_id`, `monto`, `descripcion`, `periodo_inicio`, `cantidad_periodos`, `tipo_cuenta`, `tipo_flujo_fondo`, `tipo_balance`) VALUES
(198, 189, '100000.00', 'Maquinaria', 0, 1, 'FINANCIERO', 'INVERSIONES', 'MAQUINARIAS'),
(199, 189, '1666.66', 'Depreciacion Maquinaria', 1, 6, 'ECONOMICO', 'GASTOS_NO_DESEMBOLSABLES', 'AMORTIZACION_MAQUINARIAS'),
(200, 189, '90000.04', 'Valor Libro Maquinaria', 6, 1, 'FINANCIERO', 'GASTOS_NO_DESEMBOLSABLES', NULL),
(202, 190, '200000.00', 'Maquinaria', 0, 1, 'FINANCIERO', 'INVERSIONES', 'MAQUINARIAS'),
(203, 190, '3333.33', 'Depreciacion Maquinaria', 1, 6, 'ECONOMICO', 'GASTOS_NO_DESEMBOLSABLES', 'AMORTIZACION_MAQUINARIAS'),
(204, 190, '180000.02', 'Valor Libro', 6, 1, 'FINANCIERO', 'GASTOS_NO_DESEMBOLSABLES', NULL),
(206, 191, '400000.00', 'Maquinaria', 0, 1, 'FINANCIERO', 'INVERSIONES', 'MAQUINARIAS'),
(207, 191, '6666.66', 'Depreciacion maquinaria', 1, 6, 'ECONOMICO', 'GASTOS_NO_DESEMBOLSABLES', 'AMORTIZACION_MAQUINARIAS'),
(208, 191, '360000.04', 'Valor Libro Maquinaria', 6, 1, 'FINANCIERO', 'GASTOS_NO_DESEMBOLSABLES', NULL),
(210, 192, '25000.00', 'Publicidad', 1, 4, 'FINANCIERO', 'EGRESOS_AFECTOS_A_IMPUESTOS', NULL),
(211, 193, '25000.00', 'Publicidad', 1, 4, 'FINANCIERO', 'EGRESOS_AFECTOS_A_IMPUESTOS', NULL),
(212, 195, '25000.00', 'Publicidad', 1, 4, 'FINANCIERO', 'EGRESOS_AFECTOS_A_IMPUESTOS', NULL),
(225, 211, '100000.00', 'Maquinaria', 0, 1, 'FINANCIERO', 'INVERSIONES', 'MAQUINARIAS'),
(226, 211, '1666.66', 'Depreciacion Maquinaria', 1, 6, 'ECONOMICO', 'GASTOS_NO_DESEMBOLSABLES', 'AMORTIZACION_MAQUINARIAS'),
(227, 211, '90000.04', 'Valor Libro Maquinaria', 6, 1, 'FINANCIERO', 'GASTOS_NO_DESEMBOLSABLES', NULL),
(228, 212, '200000.00', 'Maquinaria', 0, 1, 'FINANCIERO', 'INVERSIONES', 'MAQUINARIAS'),
(229, 212, '3333.33', 'Depreciacion Maquinaria', 1, 6, 'ECONOMICO', 'GASTOS_NO_DESEMBOLSABLES', 'AMORTIZACION_MAQUINARIAS'),
(230, 212, '180000.02', 'Valor Libro', 6, 1, 'FINANCIERO', 'GASTOS_NO_DESEMBOLSABLES', NULL),
(231, 213, '400000.00', 'Maquinaria', 0, 1, 'FINANCIERO', 'INVERSIONES', 'MAQUINARIAS'),
(232, 213, '6666.66', 'Depreciacion maquinaria', 1, 6, 'ECONOMICO', 'GASTOS_NO_DESEMBOLSABLES', 'AMORTIZACION_MAQUINARIAS'),
(233, 213, '360000.04', 'Valor Libro Maquinaria', 6, 1, 'FINANCIERO', 'GASTOS_NO_DESEMBOLSABLES', NULL),
(234, 214, '25000.00', 'Publicidad', 1, 4, 'FINANCIERO', 'EGRESOS_AFECTOS_A_IMPUESTOS', NULL),
(235, 215, '25000.00', 'Publicidad', 1, 4, 'FINANCIERO', 'EGRESOS_AFECTOS_A_IMPUESTOS', NULL),
(236, 217, '25000.00', 'Publicidad', 1, 4, 'FINANCIERO', 'EGRESOS_AFECTOS_A_IMPUESTOS', NULL),
(237, 222, '100000.00', 'Maquinaria', 0, 1, 'FINANCIERO', 'INVERSIONES', 'MAQUINARIAS'),
(238, 222, '1666.66', 'Depreciacion Maquinaria', 1, 6, 'ECONOMICO', 'GASTOS_NO_DESEMBOLSABLES', 'AMORTIZACION_MAQUINARIAS'),
(239, 222, '90000.04', 'Valor Libro Maquinaria', 6, 1, 'FINANCIERO', 'GASTOS_NO_DESEMBOLSABLES', NULL),
(240, 223, '200000.00', 'Maquinaria', 0, 1, 'FINANCIERO', 'INVERSIONES', 'MAQUINARIAS'),
(241, 223, '3333.33', 'Depreciacion Maquinaria', 1, 6, 'ECONOMICO', 'GASTOS_NO_DESEMBOLSABLES', 'AMORTIZACION_MAQUINARIAS'),
(242, 223, '180000.02', 'Valor Libro', 6, 1, 'FINANCIERO', 'GASTOS_NO_DESEMBOLSABLES', NULL),
(243, 224, '400000.00', 'Maquinaria', 0, 1, 'FINANCIERO', 'INVERSIONES', 'MAQUINARIAS'),
(244, 224, '6666.66', 'Depreciacion maquinaria', 1, 6, 'ECONOMICO', 'GASTOS_NO_DESEMBOLSABLES', 'AMORTIZACION_MAQUINARIAS'),
(245, 224, '360000.04', 'Valor Libro Maquinaria', 6, 1, 'FINANCIERO', 'GASTOS_NO_DESEMBOLSABLES', NULL),
(246, 225, '25000.00', 'Publicidad', 1, 4, 'FINANCIERO', 'EGRESOS_AFECTOS_A_IMPUESTOS', NULL),
(247, 226, '25000.00', 'Publicidad', 1, 4, 'FINANCIERO', 'EGRESOS_AFECTOS_A_IMPUESTOS', NULL),
(248, 228, '25000.00', 'Publicidad', 1, 4, 'FINANCIERO', 'EGRESOS_AFECTOS_A_IMPUESTOS', NULL);


